id,sec,voltage,battery_remaining,current_drawn,ground_speed,air_speed,nav_roll,nav_pitch,nav_bearing,pitch,yaw,roll,alt,lat,lon,payload,distance_frm_home,velocity_x,velocity_y,velocity_z,mode,flight_time
1,2,16.476,94,0.59,0.04,0.04,NULL,NULL,322,0.0172579,-0.658727,0.00181036,0.82,37.5993721,126.8635995,NULL,NULL,-0.01,0.06,0,LOITER,2.83299
2,4,16.474,94,0.59,0.38,0.38,NULL,NULL,338,0.225694,-0.372624,0.0170589,1.12,37.599374,126.8636039,NULL,NULL,0.41,0,0,LOITER,4.87644
3,6,16.475,94,0.6,1.4,1.4,NULL,NULL,343,0.355188,-0.291711,0.134109,1.21,37.5993844,126.863592,NULL,NULL,0.01,-1.03,-0.07,LOITER,6.89186
4,8,16.47,94,0.59,0.16,0.16,NULL,NULL,313,-0.0319164,-0.815822,0.0433655,0.2,37.5993885,126.8635732,NULL,NULL,-0.4,0.73,-0.07,LOITER,8.91428
5,10,16.472,94,0.61,0.02,0.02,NULL,NULL,312,-0.0445871,-0.820723,0.0384296,0.22,37.5993892,126.8635722,NULL,NULL,-0.08,0.36,-0.03,LOITER,10.9267
6,12,16.471,94,0.59,0.03,0.03,NULL,NULL,312,-0.0487423,-0.823718,0.0355651,0.28,37.5993898,126.8635717,NULL,NULL,0.03,0.13,0,LOITER,12.9411
7,14,16.447,94,1.53,0.01,0.01,NULL,NULL,303,-0.0633839,-0.982461,0.0238659,0.29,37.5993911,126.8635714,NULL,NULL,0.09,-0.1,0,LOITER,14.9545
8,16,16.443,94,4.03,0.03,0.03,NULL,NULL,304,-0.0578703,-0.97645,0.0287389,0.27,37.5993938,126.8635688,NULL,NULL,0.16,-0.31,0,LOITER,16.968
9,18,16.063,94,14.75,0.28,0.28,NULL,NULL,303,-0.047633,-0.978085,-0.0278037,1.15,37.5993954,126.8635713,NULL,NULL,0.04,-0.09,0.73,LOITER,18.9784
10,20,16.047,94,12.8,0.46,0.46,NULL,NULL,305,-0.0740742,-0.955091,0.0100268,2.47,37.5993961,126.8635658,NULL,NULL,0.37,-0.65,0.18,LOITER,20.9898
11,22,16.021,93,12.49,0.27,0.27,NULL,NULL,305,0.0397427,-0.956024,-0.00197254,2.61,37.5993992,126.8635585,NULL,NULL,0.15,-0.22,-0.31,LOITER,23.0032
12,24,15.983,93,14.08,0.06,0.06,NULL,NULL,305,-0.00738734,-0.953033,-0.00110083,2.46,37.5993993,126.8635578,NULL,NULL,0.06,-0.09,0.06,LOITER,25.0166
13,26,15.972,93,13.84,0.1,0.1,NULL,NULL,305,-0.0155555,-0.954575,-0.00298301,2.51,37.5993992,126.8635575,NULL,NULL,0.08,0.02,0.01,LOITER,27.027
14,28,15.924,93,13.61,0.08,0.08,NULL,NULL,305,-0.0156688,-0.956426,-0.00321058,2.53,37.5993981,126.8635576,NULL,NULL,0.06,-0.06,0,LOITER,29.0385
15,30,15.924,93,13.63,0.12,0.12,NULL,NULL,305,-0.0304991,-0.9583,-0.00193101,2.55,37.5993974,126.8635581,NULL,NULL,0.1,-0.04,-0.01,LOITER,31.0499
16,32,15.889,93,13.71,0.1,0.1,NULL,NULL,305,-0.0169998,-0.956131,-0.000385516,2.5,37.5993982,126.863557,NULL,NULL,0.1,-0.05,0.03,LOITER,33.0633
17,34,15.873,93,13.78,0.08,0.08,NULL,NULL,305,-0.0185376,-0.956964,0.00407683,2.51,37.5993986,126.8635572,NULL,NULL,0.06,-0.01,0.03,LOITER,35.0787
18,36,15.859,92,13.94,0.08,0.08,NULL,NULL,305,-0.017769,-0.956863,-0.00983506,2.52,37.599399,126.8635581,NULL,NULL,0.09,-0.05,0,LOITER,37.0921
19,38,15.843,92,13.87,0.05,0.05,NULL,NULL,305,-0.00370551,-0.955,0.00835973,2.51,37.5993987,126.8635569,NULL,NULL,0.08,-0.01,0.01,LOITER,39.1045
20,40,15.826,92,13.75,0.11,0.11,NULL,NULL,305,-0.0191079,-0.954987,0.00294076,2.5,37.5993986,126.8635573,NULL,NULL,0.06,0.03,0.04,LOITER,41.117
21,42,15.797,92,14.09,0.02,0.02,NULL,NULL,305,-0.0135991,-0.954797,0.0102113,2.49,37.5993983,126.8635581,NULL,NULL,0.07,-0.07,0.04,LOITER,43.1264
22,44,15.799,92,14.18,0.1,0.1,NULL,NULL,305,-0.0136309,-0.95652,0.00470689,2.49,37.5993983,126.8635578,NULL,NULL,0.1,-0.03,0.04,LOITER,45.1378
23,46,15.774,92,13.64,0.08,0.08,NULL,NULL,305,-0.0107699,-0.955337,0.00189753,2.51,37.5993991,126.8635582,NULL,NULL,0.1,-0.06,0.01,LOITER,47.1542
24,48,15.764,91,13.99,0.03,0.03,NULL,NULL,305,-0.0117955,-0.954494,-0.0061483,2.54,37.5993996,126.8635587,NULL,NULL,0.01,-0.06,0,LOITER,49.1666
25,50,15.748,91,14.12,0.08,0.08,NULL,NULL,304,-0.0183281,-0.961672,0.0158559,2.52,37.5993989,126.8635581,NULL,NULL,0.01,-0.12,0.02,LOITER,51.1791
26,52,15.773,91,14.33,0.14,0.14,NULL,NULL,305,0.00105681,-0.949774,0.0101691,2.55,37.5993988,126.863557,NULL,NULL,0.16,-0.05,0,LOITER,53.1935
27,54,15.718,91,15.14,0.07,0.07,NULL,NULL,305,-0.00499537,-0.949133,-0.000447483,2.53,37.5993995,126.8635574,NULL,NULL,0.09,0.05,0.02,LOITER,55.2069
28,56,15.717,91,13.87,0.05,0.05,NULL,NULL,305,-0.0211137,-0.95262,0.00171544,2.58,37.5993998,126.8635582,NULL,NULL,-0.07,-0.04,-0.02,LOITER,57.2213
29,58,15.697,91,14.38,0.08,0.08,NULL,NULL,305,-0.00549461,-0.954621,-0.00743061,2.53,37.5993995,126.8635577,NULL,NULL,0,-0.06,0.03,LOITER,59.2367
30,60,15.688,90,14.18,0.04,0.04,NULL,NULL,305,-0.0152811,-0.950468,-0.0191051,2.54,37.5993996,126.8635581,NULL,NULL,0.01,-0.02,0,LOITER,61.2491
31,62,15.679,90,14.05,0.11,0.11,NULL,NULL,305,-0.00982403,-0.951411,-0.00930457,2.54,37.5993995,126.8635577,NULL,NULL,0.02,-0.02,0.01,LOITER,63.2626
32,64,15.675,90,13.82,0.06,0.06,NULL,NULL,305,-0.0174312,-0.949559,-0.00992886,2.56,37.5993987,126.8635573,NULL,NULL,0.08,0,-0.01,LOITER,65.278
33,66,15.666,90,14.32,0.02,0.02,NULL,NULL,305,-0.0112688,-0.951672,-0.0112628,2.54,37.599399,126.8635569,NULL,NULL,0.02,-0.01,0.02,LOITER,67.2904
34,68,15.637,90,14.29,0.05,0.05,NULL,NULL,305,-0.0123132,-0.950812,-0.0087604,2.52,37.5993991,126.863557,NULL,NULL,0.02,-0.03,0.05,LOITER,69.3058
35,70,15.639,90,14.3,0.09,0.09,NULL,NULL,305,-0.00665686,-0.954224,-0.0156994,2.52,37.5993995,126.8635573,NULL,NULL,0.08,0.01,0.03,LOITER,71.3172
36,72,15.633,90,13.92,0.03,0.03,NULL,NULL,305,-0.023101,-0.949032,-0.00553115,2.56,37.5993985,126.8635583,NULL,NULL,0.09,-0.04,0,LOITER,73.3297
37,74,15.627,89,14.25,0.08,0.08,NULL,NULL,305,-0.0206518,-0.952,-0.0064275,2.53,37.5993988,126.8635583,NULL,NULL,0.05,-0.08,0.01,LOITER,75.3411
38,76,15.616,89,14.11,0.15,0.15,NULL,NULL,305,-0.010994,-0.95049,-0.0242901,2.57,37.5993992,126.8635578,NULL,NULL,0.08,-0.02,-0.01,LOITER,77.3534
39,78,15.609,89,14.15,0.04,0.04,NULL,NULL,305,-0.012485,-0.950015,-0.00540596,2.57,37.5993996,126.8635571,NULL,NULL,-0.05,-0.01,-0.02,LOITER,79.3648
40,80,15.617,89,13.71,0.02,0.02,NULL,NULL,305,-0.0187926,-0.950447,-0.0177804,2.58,37.5993998,126.8635578,NULL,NULL,-0.03,-0.03,-0.02,LOITER,81.3753
41,82,15.6,89,14.49,0.02,0.02,NULL,NULL,305,-0.0262863,-0.95173,-0.0194578,2.53,37.5993994,126.863558,NULL,NULL,-0.02,-0.06,0.02,LOITER,83.3887
42,84,15.568,88,14.16,0.09,0.09,NULL,NULL,305,-0.012095,-0.947886,-0.0210412,2.59,37.5994,126.8635578,NULL,NULL,0.04,-0.05,-0.01,LOITER,85.4021
43,86,15.579,88,14.38,0.11,0.11,NULL,NULL,305,-0.0147318,-0.946291,0.0108449,2.57,37.5993987,126.8635562,NULL,NULL,-0.03,-0.01,0,LOITER,87.4155
44,88,15.574,88,14.19,0.01,0.01,NULL,NULL,305,-0.00497781,-0.953252,-0.00484323,2.54,37.5993981,126.8635558,NULL,NULL,0,0,0.01,LOITER,89.432
45,90,15.574,88,13.85,0.08,0.08,NULL,NULL,305,-0.02017,-0.950186,0.0079454,2.55,37.5993978,126.863557,NULL,NULL,0.07,0,0,LOITER,91.4454
46,92,15.554,88,13.93,0.05,0.05,NULL,NULL,305,-0.0254028,-0.95732,-0.00213248,2.58,37.5993983,126.8635583,NULL,NULL,0.05,-0.06,-0.02,LOITER,93.4598
47,94,15.556,88,14.11,0.05,0.05,NULL,NULL,305,-0.0199377,-0.959864,0.001093,2.56,37.5993986,126.8635573,NULL,NULL,0.05,0,0,LOITER,95.4802
48,96,15.532,88,14.11,0.06,0.06,NULL,NULL,305,-0.0264185,-0.956038,0.00476051,2.56,37.5993989,126.863557,NULL,NULL,0.01,0.02,-0.01,LOITER,97.4946
49,98,15.543,87,14.03,0.04,0.04,NULL,NULL,305,-0.0149424,-0.955314,-0.00633305,2.55,37.5993996,126.8635571,NULL,NULL,0.06,0,0,LOITER,99.508
50,100,15.541,87,13.97,0.07,0.07,NULL,NULL,305,-0.0269915,-0.953721,-0.00264712,2.55,37.5993998,126.863558,NULL,NULL,0.02,-0.02,0.01,LOITER,101.522
51,102,15.536,87,14.08,0.07,0.07,NULL,NULL,305,-0.0280566,-0.950323,0.0018718,2.56,37.5993996,126.8635582,NULL,NULL,0.01,-0.04,0,LOITER,103.544
52,104,15.527,87,14,0.13,0.13,NULL,NULL,305,-0.0206142,-0.954529,0.0169951,2.58,37.599399,126.8635576,NULL,NULL,0,-0.07,-0.01,LOITER,105.559
53,106,15.521,87,13.64,0.01,0.01,NULL,NULL,305,-0.0153632,-0.950915,-7.37421E-06,2.56,37.5994001,126.8635579,NULL,NULL,0.07,0,0,LOITER,107.574
54,108,15.508,87,14.16,0.18,0.18,NULL,NULL,305,-0.0239008,-0.953445,0.00766915,2.54,37.5993999,126.8635578,NULL,NULL,-0.08,-0.07,0.01,LOITER,109.588
55,110,15.501,86,14.1,0.07,0.07,NULL,NULL,305,-0.0271838,-0.952945,0.0273045,2.56,37.5993987,126.8635569,NULL,NULL,0.06,0,0,LOITER,111.603
56,112,15.491,86,13.9,0.03,0.03,NULL,NULL,305,-0.0184731,-0.950888,0.0137504,2.59,37.5993992,126.8635576,NULL,NULL,0.03,-0.05,-0.02,LOITER,113.621
57,114,15.506,86,13.81,0.04,0.04,NULL,NULL,305,-0.0170336,-0.951461,0.0109964,2.59,37.5993997,126.8635575,NULL,NULL,-0.03,-0.05,-0.03,LOITER,115.634
58,116,15.478,86,14.21,0.17,0.17,NULL,NULL,305,-0.0315394,-0.952937,0.00745561,2.55,37.5993994,126.863558,NULL,NULL,-0.12,-0.05,0.01,LOITER,117.649
59,118,15.472,86,14.3,0.12,0.12,NULL,NULL,305,-0.033579,-0.954846,0.0140866,2.57,37.5993988,126.8635572,NULL,NULL,0,-0.04,0,LOITER,119.661
60,120,15.474,86,13.61,0.02,0.02,NULL,NULL,305,-0.0288801,-0.949774,-0.00231354,2.59,37.5994,126.8635571,NULL,NULL,0.03,0,-0.02,LOITER,121.675
61,122,15.47,85,14.06,0.05,0.05,NULL,NULL,305,-0.0214979,-0.946663,0.00906667,2.61,37.5993997,126.863557,NULL,NULL,0.01,0.07,-0.05,LOITER,123.692
62,124,15.447,85,16.03,0.08,0.08,NULL,NULL,305,-0.0330782,-0.954172,0.0049443,2.37,37.5993992,126.8635577,NULL,NULL,-0.06,0.01,0.1,LOITER,125.706
63,126,15.447,85,14.61,0.49,0.49,NULL,NULL,305,-0.110885,-0.9501,-0.00986406,2.41,37.599396,126.8635624,NULL,NULL,0,0.05,0.02,LOITER,127.721
64,128,15.438,85,14.74,0.51,0.51,NULL,NULL,305,0.0106092,-0.949391,0.0101523,2.43,37.5993911,126.8635707,NULL,NULL,-0.36,0.57,-0.01,LOITER,129.733
65,130,15.451,85,14.14,0.08,0.08,NULL,NULL,305,-0.00517846,-0.949288,0.008473,2.47,37.5993895,126.863575,NULL,NULL,0,0,-0.03,LOITER,131.745
66,132,15.439,85,14.24,0.09,0.09,NULL,NULL,305,-0.0366403,-0.951051,-0.00977658,2.49,37.5993884,126.8635777,NULL,NULL,0.02,0.04,-0.05,LOITER,133.768
67,134,15.438,85,14.2,0.06,0.06,NULL,NULL,305,-0.036046,-0.951748,-0.00922471,2.49,37.5993874,126.8635777,NULL,NULL,0.02,-0.02,-0.07,LOITER,135.781
68,136,15.426,84,14.65,0.11,0.11,NULL,NULL,305,-0.0182409,-0.946405,-0.00837112,2.44,37.5993883,126.8635776,NULL,NULL,0.1,-0.11,0,LOITER,137.796
69,138,15.408,84,14.64,0.09,0.09,NULL,NULL,305,-0.0179558,-0.947637,-0.0325286,2.44,37.5993892,126.863578,NULL,NULL,0.08,-0.02,-0.01,LOITER,139.809
70,140,15.397,84,11.22,0.14,0.14,NULL,NULL,306,-0.0219927,-0.939807,-0.0052167,2.88,37.5993893,126.8635774,NULL,NULL,-0.02,-0.08,0.05,LOITER,141.825
71,142,15.36,84,13.93,0.02,0.02,NULL,NULL,305,-0.0114687,-0.944397,-0.0183646,3,37.5993889,126.8635766,NULL,NULL,0.03,0.01,0.04,LOITER,143.839
72,144,15.389,84,14.78,0.1,0.1,NULL,NULL,305,0.00263663,-0.946336,-0.0242825,2.95,37.5993858,126.8635802,NULL,NULL,0.04,-0.04,0.09,LOITER,145.849
73,146,15.378,84,14.58,0.07,0.07,NULL,NULL,306,-0.0128572,-0.938367,0.00612716,3.04,37.5993851,126.8635803,NULL,NULL,0.02,0.04,0.05,LOITER,147.862
74,148,15.388,83,14.3,0.11,0.11,NULL,NULL,306,-0.0062342,-0.940644,-0.0253439,3.11,37.5993862,126.8635818,NULL,NULL,0.06,0.05,-0.02,LOITER,149.876
75,150,15.364,83,14.31,0.1,0.1,NULL,NULL,306,-0.019646,-0.940358,-0.00622581,3.09,37.599386,126.8635818,NULL,NULL,-0.02,-0.02,0,LOITER,151.89
76,152,15.361,83,14.43,0.04,0.04,NULL,NULL,305,-0.0154461,-0.944656,-0.00810577,3.09,37.5993855,126.8635819,NULL,NULL,0,-0.04,0,LOITER,153.905
77,154,15.356,83,14.32,0.09,0.09,NULL,NULL,306,-0.00930641,-0.938002,-0.00803175,3.09,37.5993855,126.8635812,NULL,NULL,0.06,0.01,0,LOITER,155.915
78,156,15.354,83,14.32,0.05,0.05,NULL,NULL,305,-0.0169523,-0.94343,-0.0145356,3.11,37.5993859,126.8635826,NULL,NULL,0.02,-0.02,-0.01,LOITER,157.928
79,158,15.376,83,13.93,0.15,0.15,NULL,NULL,305,-0.010214,-0.948246,-0.0133126,3.07,37.5993862,126.863582,NULL,NULL,-0.06,-0.09,0,LOITER,159.941
80,160,15.309,82,16.28,0.07,0.07,NULL,NULL,306,0.00247202,-0.939314,-0.000984251,2.78,37.5993858,126.8635806,NULL,NULL,0.05,0.03,-0.13,LOITER,161.957
81,162,15.259,82,15.59,0.07,0.07,NULL,NULL,305,-0.0123192,-0.944799,-0.00145155,2.53,37.5993862,126.863581,NULL,NULL,-0.05,0.03,0.03,LOITER,163.971
82,164,15.316,82,14.42,0.11,0.11,NULL,NULL,305,0.0708589,-0.947554,-0.012405,2.54,37.5993856,126.8635835,NULL,NULL,-0.16,0.18,0,LOITER,165.984
83,166,15.316,82,14.61,0.08,0.08,NULL,NULL,305,-0.0135315,-0.94619,-0.017849,2.55,37.5993842,126.8635872,NULL,NULL,0,0.03,0,LOITER,167.999
84,168,15.307,82,14.54,0.05,0.05,NULL,NULL,306,-0.014963,-0.931192,-0.00839269,2.56,37.5993836,126.8635879,NULL,NULL,-0.03,-0.01,-0.02,LOITER,170.012
85,170,15.291,82,14.76,0.16,0.16,NULL,NULL,306,-0.00207819,-0.929607,-0.0287236,2.57,37.5993841,126.8635871,NULL,NULL,0.07,0,-0.01,LOITER,172.027
86,172,15.293,81,14.59,0.02,0.02,NULL,NULL,306,0.00432435,-0.92824,-0.0148704,2.55,37.5993847,126.8635869,NULL,NULL,-0.04,-0.03,-0.01,LOITER,174.041
87,174,15.312,81,13.17,0.01,0.01,NULL,NULL,306,0.0126424,-0.933301,-0.0165665,2.51,37.5993849,126.8635865,NULL,NULL,-0.03,0,-0.09,LOITER,176.056
88,176,15.284,81,14.77,0.08,0.08,NULL,NULL,306,-0.00226663,-0.931567,0.000688162,2.5,37.5993844,126.8635869,NULL,NULL,-0.05,0.08,-0.01,LOITER,178.07
89,178,15.274,81,14.73,0.18,0.18,NULL,NULL,306,-0.0322281,-0.927448,-0.00991644,2.53,37.5993848,126.8635905,NULL,NULL,0,0.1,-0.01,LOITER,180.09
90,180,15.268,81,14.63,0.08,0.08,NULL,NULL,305,-0.00123475,-0.934061,-0.0158004,2.53,37.5993839,126.8635931,NULL,NULL,0.02,0.02,-0.03,LOITER,182.106
91,182,15.273,81,15.67,0.04,0.04,NULL,NULL,301,-0.0097598,-1.03044,-0.0163821,2.58,37.5993833,126.8635936,NULL,NULL,0.02,0,0.27,LOITER,184.118
92,184,15.325,80,15.94,0.08,0.08,NULL,NULL,300,-0.0155087,-1.02996,-0.0316156,2.74,37.5993835,126.8635942,NULL,NULL,0.01,-0.06,0.05,LOITER,186.131
93,186,15.261,80,14.82,0.26,0.26,NULL,NULL,296,-9.94056E-05,-1.05986,-0.0149587,2.76,37.5993855,126.8635932,NULL,NULL,-0.06,-0.08,0,LOITER,188.145
94,188,15.251,80,14.5,0.24,0.24,NULL,NULL,304,-0.0158005,-0.963441,-0.0100527,2.74,37.5993832,126.8635916,NULL,NULL,0.02,0.04,0.03,LOITER,190.164
95,190,15.224,80,15.22,0.26,0.26,NULL,NULL,304,0.0485948,-0.965787,-0.0151243,2.87,37.5993834,126.8635914,NULL,NULL,0.42,-0.52,0.03,LOITER,192.178
96,192,15.233,80,14.81,0.11,0.11,NULL,NULL,304,-0.0097775,-0.964175,-0.0179356,2.85,37.5993852,126.8635901,NULL,NULL,0.04,-0.02,0.03,LOITER,194.193
97,194,15.238,80,14.57,0.05,0.05,NULL,NULL,304,0.00440806,-0.964479,-0.0214644,2.88,37.5993865,126.8635897,NULL,NULL,0,0,0.01,LOITER,196.203
98,196,15.227,79,14.6,0.01,0.01,NULL,NULL,304,-0.00877435,-0.963244,-0.0228745,2.87,37.599386,126.8635903,NULL,NULL,0,-0.06,0.14,LOITER,198.215
99,198,15.233,79,14.61,0.05,0.05,NULL,NULL,301,-0.00788112,-1.0257,-0.0195709,2.9,37.5993853,126.8635906,NULL,NULL,0,-0.06,0.02,LOITER,200.231
100,200,15.223,79,13.97,0.12,0.12,NULL,NULL,301,-0.0157865,-1.02624,-0.020268,2.93,37.599385,126.8635917,NULL,NULL,0,-0.1,0,LOITER,202.245
101,202,15.227,79,16.25,0.11,0.11,NULL,NULL,303,-0.00957175,-1.00433,-0.0110495,2.91,37.5993845,126.8635901,NULL,NULL,0.04,-0.05,-0.05,LOITER,204.257
102,204,15.2,79,14.01,0.01,0.01,NULL,NULL,309,0.00221378,-0.880759,-0.0181214,2.95,37.5993854,126.863589,NULL,NULL,0.03,-0.02,0.07,LOITER,206.272
103,206,15.203,79,14.78,0.21,0.21,NULL,NULL,309,-0.0242488,-0.881906,-0.0141586,2.93,37.5993847,126.8635908,NULL,NULL,0.03,0.04,0.06,LOITER,208.285
104,208,15.196,78,14.51,0.05,0.05,NULL,NULL,309,-0.0123393,-0.882324,-0.0225525,2.97,37.5993847,126.8635927,NULL,NULL,0.02,-0.02,0.02,LOITER,210.298
105,210,15.194,78,14.49,0.15,0.15,NULL,NULL,309,-0.0112991,-0.883211,0.00176608,2.96,37.5993843,126.8635916,NULL,NULL,0,-0.05,-0.01,LOITER,212.312
106,212,15.204,78,14.13,0.16,0.16,NULL,NULL,310,0.00729166,-0.868563,-0.00747861,2.96,37.5993851,126.8635905,NULL,NULL,0.09,0,-0.16,LOITER,214.324
107,214,15.187,78,15.15,0.08,0.08,NULL,NULL,287,-0.0111287,-1.2319,-0.0206051,2.93,37.5993861,126.8635913,NULL,NULL,-0.04,0.03,-0.01,LOITER,216.339
108,216,15.187,78,15.1,0.11,0.11,NULL,NULL,286,-0.00859636,-1.27469,-0.0672048,2.98,37.5993837,126.863591,NULL,NULL,-0.09,-0.03,-0.05,LOITER,218.348
109,218,15.19,78,14.55,0.03,0.03,NULL,NULL,287,-0.0177144,-1.27265,0.000822449,2.95,37.5993804,126.8635905,NULL,NULL,-0.02,-0.02,-0.03,LOITER,220.361
110,220,15.184,77,14.54,0.17,0.17,NULL,NULL,287,-0.00814776,-1.27117,-0.00813521,2.96,37.5993806,126.8635901,NULL,NULL,0,-0.09,-0.02,LOITER,222.374
111,222,15.156,77,16.1,0.1,0.1,NULL,NULL,287,0.00104052,-1.26879,-0.0195932,2.97,37.5993811,126.8635887,NULL,NULL,0,0,0.21,LOITER,224.387
112,224,15.175,77,14.45,0.12,0.12,NULL,NULL,287,-0.00259649,-1.27,0.00103031,3.02,37.5993813,126.8635888,NULL,NULL,-0.05,0.01,0.05,LOITER,226.401
113,226,15.155,77,14.54,0.02,0.02,NULL,NULL,287,-0.000800599,-1.26909,-0.00769574,3.03,37.5993811,126.8635891,NULL,NULL,0,0,0.04,LOITER,228.414
114,228,15.151,77,14.64,0.06,0.06,NULL,NULL,287,0.00145746,-1.272,0.0032582,3.03,37.59938,126.8635898,NULL,NULL,0.01,-0.04,0.05,LOITER,230.429
115,230,15.153,77,15.1,0.16,0.16,NULL,NULL,287,-0.0033306,-1.27139,-0.00286811,3.07,37.59938,126.8635896,NULL,NULL,0.05,0,0.01,LOITER,232.441
116,232,15.142,76,14.7,0.05,0.05,NULL,NULL,286,-0.0046123,-1.2743,-0.00779261,3.1,37.5993812,126.8635902,NULL,NULL,0,-0.04,-0.01,LOITER,234.455
117,234,15.147,76,14.48,0.09,0.09,NULL,NULL,286,0.00490997,-1.27854,-0.00586965,3.08,37.5993812,126.8635897,NULL,NULL,-0.01,0,0,LOITER,236.469
118,236,15.127,76,14.87,0.05,0.05,NULL,NULL,286,-0.00616445,-1.27805,-0.0100296,3.08,37.5993815,126.8635899,NULL,NULL,0,0,0,LOITER,238.483
119,238,15.122,76,14.7,0.08,0.08,NULL,NULL,287,0.00428772,-1.27244,-0.0157553,3.09,37.5993807,126.8635891,NULL,NULL,-0.01,0,-0.02,LOITER,240.495
120,240,15.123,76,14.96,0.12,0.12,NULL,NULL,287,0.00288713,-1.27327,-0.00500346,3.08,37.5993801,126.8635894,NULL,NULL,0.05,0.03,0,LOITER,242.511
121,242,15.116,76,14.85,0.04,0.04,NULL,NULL,286,0.0159724,-1.27438,-0.0228493,3.12,37.5993812,126.8635895,NULL,NULL,0.05,0,-0.03,LOITER,244.526
122,244,15.125,75,14.46,0.11,0.11,NULL,NULL,287,0.0128151,-1.26029,-0.00807604,3.1,37.5993812,126.8635889,NULL,NULL,-0.04,0.04,0,LOITER,246.541
123,246,15.122,75,14.73,0.05,0.05,NULL,NULL,287,0.00611003,-1.26299,0.00628027,3.1,37.5993805,126.8635894,NULL,NULL,0.02,0.01,-0.04,LOITER,248.555
124,248,15.114,75,14.8,0.04,0.04,NULL,NULL,287,0.0104006,-1.25656,-0.00659014,3.07,37.5993805,126.8635899,NULL,NULL,0,-0.02,0,LOITER,250.568
125,250,15.112,75,14.57,0.02,0.02,NULL,NULL,288,0.0114565,-1.25128,-0.0114799,3.1,37.5993803,126.8635894,NULL,NULL,0,0.01,-0.01,LOITER,252.587
126,252,15.1,75,14.52,0.1,0.1,NULL,NULL,287,0.00460785,-1.25954,-0.0148934,3.07,37.5993801,126.8635891,NULL,NULL,0,0.06,-0.01,LOITER,254.6
127,254,15.104,75,14.68,0.07,0.07,NULL,NULL,287,0.004785,-1.26019,-0.0094495,3.07,37.5993804,126.8635894,NULL,NULL,-0.03,0.03,0,LOITER,256.611
128,256,15.089,74,14.75,0.05,0.05,NULL,NULL,287,-0.00294379,-1.27616,-0.00527558,3.05,37.5993805,126.8635898,NULL,NULL,0,-0.01,0.01,LOITER,258.625
129,258,15.112,74,14.87,0.09,0.09,NULL,NULL,276,0.00458291,-1.4603,-0.0158998,3.02,37.5993806,126.8635897,NULL,NULL,0.03,-0.04,0.05,LOITER,260.638
130,260,15.085,74,15.11,0.09,0.09,NULL,NULL,276,-0.00325178,-1.45774,-0.0387537,3.02,37.599375,126.8635899,NULL,NULL,0.1,-0.02,0.04,LOITER,262.647
131,262,15.069,74,14.6,0.15,0.15,NULL,NULL,276,-0.00498013,-1.45471,0.0306424,3.05,37.5993729,126.8635893,NULL,NULL,-0.01,0,0,LOITER,264.659
132,264,15.089,74,14.96,0.12,0.12,NULL,NULL,276,-0.00906735,-1.46212,0.00575746,3.04,37.599372,126.8635889,NULL,NULL,-0.03,-0.06,0.02,LOITER,266.677
133,266,15.06,74,14.74,0.52,0.52,NULL,NULL,276,0.119841,-1.45996,-0.00366183,3.11,37.5993723,126.863584,NULL,NULL,0.03,-0.19,0,LOITER,268.689
134,268,15.072,73,14.62,0.12,0.12,NULL,NULL,276,-0.00213669,-1.45828,0.0351017,3.11,37.5993724,126.8635817,NULL,NULL,-0.01,-0.02,0,LOITER,270.703
135,270,15.067,73,14.66,0.04,0.04,NULL,NULL,276,7.44313E-05,-1.45487,0.0130541,3.09,37.5993756,126.863581,NULL,NULL,0.02,-0.01,0.03,LOITER,272.715
136,272,15.059,73,14.64,0.09,0.09,NULL,NULL,276,-0.0126046,-1.45429,-0.00781284,3.1,37.5993758,126.8635816,NULL,NULL,0.02,0,-0.01,LOITER,274.729
137,274,15.056,73,14.7,0.02,0.02,NULL,NULL,269,0.00048592,-1.57344,-0.00837516,3.05,37.5993761,126.8635838,NULL,NULL,-0.04,0.04,0.02,LOITER,276.742
138,276,15.053,73,14.81,0.07,0.07,NULL,NULL,269,-0.0026254,-1.57367,-0.00327787,3.07,37.599376,126.8635839,NULL,NULL,-0.02,0.03,-0.01,LOITER,278.756
139,278,15.048,73,14.99,0.04,0.04,NULL,NULL,270,0.00301508,-1.56756,-0.00451968,3.05,37.5993756,126.8635841,NULL,NULL,-0.02,-0.04,0.01,LOITER,280.771
140,280,15.034,72,14.69,0.09,0.09,NULL,NULL,270,-0.0133216,-1.56961,-0.00800802,3.07,37.5993759,126.8635843,NULL,NULL,-0.02,0.08,-0.01,LOITER,282.784
141,282,15.051,72,14.64,0.02,0.02,NULL,NULL,270,0.00223059,-1.57047,-0.00774873,3.09,37.5993758,126.8635835,NULL,NULL,-0.02,0.03,-0.02,LOITER,284.797
142,284,15.043,72,14.63,0.04,0.04,NULL,NULL,270,-0.0126325,-1.56674,0.00167118,3.13,37.5993753,126.863584,NULL,NULL,-0.02,0,-0.04,LOITER,286.808
143,286,15.041,72,14.55,0.13,0.13,NULL,NULL,270,-0.00748949,-1.56195,-0.00965362,3.13,37.5993757,126.8635849,NULL,NULL,0.06,-0.01,-0.02,LOITER,288.822
144,288,15.039,72,15.06,0.02,0.02,NULL,NULL,270,-0.00200499,-1.5657,-0.0216191,3.13,37.5993765,126.8635846,NULL,NULL,0.03,-0.02,-0.01,LOITER,290.836
145,290,15.016,71,16.85,0.08,0.08,NULL,NULL,269,-0.00504077,-1.573,-0.00589018,3.17,37.5993755,126.8635847,NULL,NULL,-0.08,0,0.16,LOITER,292.854
146,292,14.999,71,16.67,0.05,0.05,NULL,NULL,270,-0.0133278,-1.56909,0.00492674,3.3,37.5993744,126.8635853,NULL,NULL,0.02,0,0.24,LOITER,294.873
147,294,15.012,71,14.74,0.14,0.14,NULL,NULL,270,-0.0355009,-1.57084,-0.0225802,3.4,37.5993753,126.8635859,NULL,NULL,0.02,0.1,0,LOITER,296.888
148,296,15.019,71,14.81,0.09,0.09,NULL,NULL,265,-0.0290309,-1.64768,0.0519157,3.4,37.5993741,126.8635868,NULL,NULL,-0.4,0.12,-0.01,LOITER,298.903
149,298,15.012,71,15.07,0.14,0.14,NULL,NULL,265,-0.00526603,-1.6522,-0.0107615,3.38,37.5993709,126.8635878,NULL,NULL,0.06,-0.03,0,LOITER,300.917
150,300,14.978,71,14.5,0.08,0.08,NULL,NULL,259,0.00641333,-1.74941,-0.0377473,3.34,37.5993719,126.8635868,NULL,NULL,-0.01,0,0.02,LOITER,302.93
151,302,15.013,71,14.14,0.7,0.7,NULL,NULL,253,-0.0128479,-1.86376,0.079777,3.35,37.5993685,126.8635892,NULL,NULL,-0.59,0.21,0.05,LOITER,304.945
152,304,14.996,70,14.86,0.5,0.5,NULL,NULL,253,0.0293966,-1.86649,0.00744371,3.34,37.5993647,126.8635876,NULL,NULL,-0.1,0,0.04,LOITER,306.957
153,306,14.99,70,14.57,0.24,0.24,NULL,NULL,252,0.00273822,-1.87126,-0.0152158,3.31,37.5993632,126.8635854,NULL,NULL,-0.06,-0.13,0.04,LOITER,308.97
154,308,15.006,70,14.27,0.37,0.37,NULL,NULL,252,-0.00958084,-1.86899,-0.0295856,3.33,37.5993662,126.8635818,NULL,NULL,0.15,-0.1,0.05,LOITER,310.983
155,310,14.989,70,15.08,0.3,0.3,NULL,NULL,253,-0.00706651,-1.8664,-0.0363921,3.36,37.5993691,126.8635805,NULL,NULL,0.17,-0.12,0.04,LOITER,313.001
156,312,14.997,70,14.24,0.12,0.12,NULL,NULL,253,-0.00557226,-1.86636,-0.0271722,3.37,37.5993712,126.8635799,NULL,NULL,0.05,-0.01,0,LOITER,315.017
157,314,14.991,70,14.65,0.13,0.13,NULL,NULL,253,0.00224113,-1.8655,0.0210372,3.36,37.5993726,126.8635781,NULL,NULL,-0.06,0.02,0.02,LOITER,317.031
158,316,14.978,69,14.65,0.04,0.04,NULL,NULL,253,-0.0106314,-1.85888,-0.00108581,3.38,37.5993726,126.8635786,NULL,NULL,-0.03,0.03,0,LOITER,319.046
159,318,14.976,69,14.36,0.15,0.15,NULL,NULL,253,0.022556,-1.86437,0.00165049,3.4,37.5993724,126.8635768,NULL,NULL,0.01,-0.05,-0.02,LOITER,321.059
160,320,14.974,69,14.56,0.06,0.06,NULL,NULL,251,-0.0205098,-1.95011,0.00617386,3.41,37.5993729,126.8635765,NULL,NULL,-0.03,-0.03,-0.02,LOITER,323.072
161,322,14.958,69,14.91,0.13,0.13,NULL,NULL,301,-0.0302201,-1.01688,-0.0141008,3.38,37.5993735,126.8635776,NULL,NULL,-0.09,0.05,0.01,LOITER,325.086
162,324,14.968,69,14.75,0.1,0.1,NULL,NULL,301,-0.0103943,-1.02552,0.00398269,3.37,37.5993737,126.8635754,NULL,NULL,-0.06,-0.06,0.01,LOITER,327.096
163,326,14.971,69,14.49,0.24,0.24,NULL,NULL,301,0.0102717,-1.02409,-0.00822891,3.39,37.5993747,126.8635717,NULL,NULL,0.03,-0.1,-0.02,LOITER,329.11
164,328,14.945,68,15.09,0.09,0.09,NULL,NULL,301,-0.0202929,-1.02294,-0.00342312,3.34,37.5993746,126.8635712,NULL,NULL,0.05,-0.08,0.03,LOITER,331.123
165,330,14.957,68,14.86,0.05,0.05,NULL,NULL,301,-0.0171105,-1.02423,-0.0062175,3.38,37.5993748,126.8635707,NULL,NULL,0.02,-0.07,0,LOITER,333.136
166,332,14.942,68,15.18,0.07,0.07,NULL,NULL,301,-0.0118724,-1.02266,0.00273364,3.35,37.5993748,126.8635703,NULL,NULL,0.01,-0.03,0.02,LOITER,335.148
167,334,14.942,68,14.94,0.04,0.04,NULL,NULL,301,-0.010126,-1.02561,0.000248924,3.41,37.5993749,126.8635693,NULL,NULL,-0.03,-0.04,-0.04,LOITER,337.163
168,336,14.948,68,14.6,0.13,0.13,NULL,NULL,301,-0.00729662,-1.022,0.00292504,3.39,37.599375,126.8635685,NULL,NULL,0.04,0.06,0,LOITER,339.177
169,338,14.956,68,14.87,0.08,0.08,NULL,NULL,300,0.00238561,-1.03537,-0.0076248,3.35,37.599375,126.8635695,NULL,NULL,-0.01,0,0,LOITER,341.192
170,340,14.933,67,15.41,0.02,0.02,NULL,NULL,301,-0.00253458,-1.02007,0.0444833,3.38,37.5993736,126.8635694,NULL,NULL,0.09,-0.01,0,LOITER,343.209
171,342,14.944,67,14.75,0.08,0.08,NULL,NULL,301,-0.0439791,-1.02559,-0.00581092,3.38,37.5993753,126.8635702,NULL,NULL,0.11,-0.07,0,LOITER,345.221
172,344,14.927,67,14.93,0.02,0.02,NULL,NULL,301,0.00058915,-1.02085,0.017428,3.35,37.5993747,126.86357,NULL,NULL,0.04,0,0.02,LOITER,347.235
173,346,14.925,67,14.71,0.05,0.05,NULL,NULL,301,0.00238509,-1.02514,0.00183504,3.38,37.5993754,126.8635709,NULL,NULL,0.01,0.02,0,LOITER,349.25
174,348,14.913,67,15.04,0.1,0.1,NULL,NULL,301,-0.00491644,-1.02839,-0.0246446,3.35,37.5993761,126.8635709,NULL,NULL,-0.01,0.02,0.01,LOITER,351.262
175,350,14.93,67,14.32,0.04,0.04,NULL,NULL,301,-0.0199515,-1.02447,-0.00846144,3.4,37.5993752,126.8635714,NULL,NULL,0.04,0.03,-0.03,LOITER,353.273
176,352,14.897,66,14.49,0.07,0.07,NULL,NULL,300,-0.0173296,-1.03473,-0.00815993,3.46,37.5993749,126.8635709,NULL,NULL,-0.03,-0.05,0.07,LOITER,355.283
177,354,14.912,66,13.89,0.11,0.11,NULL,NULL,301,-0.0110893,-1.02727,-0.0174489,3.51,37.5993749,126.8635696,NULL,NULL,0.12,0.03,0.03,LOITER,357.293
178,356,14.911,66,14.62,0.11,0.11,NULL,NULL,301,0.0048414,-1.02048,-0.00942529,3.51,37.5993767,126.8635694,NULL,NULL,0,0.05,0.02,LOITER,359.304
179,358,14.909,66,14.63,0.12,0.12,NULL,NULL,301,-0.0218154,-1.02649,-0.0178321,3.51,37.5993763,126.8635703,NULL,NULL,-0.09,-0.05,0.05,LOITER,361.319
180,360,14.914,66,14.49,0.08,0.08,NULL,NULL,300,-0.00626851,-1.02926,-0.012038,3.56,37.5993757,126.8635697,NULL,NULL,-0.04,0.04,-0.02,LOITER,363.334
181,362,14.904,65,14.9,0.05,0.05,NULL,NULL,301,-0.00797156,-1.01995,-0.0113716,3.51,37.5993746,126.8635697,NULL,NULL,0.02,-0.02,0.05,LOITER,365.345
182,364,14.907,65,14.95,0.04,0.04,NULL,NULL,301,-0.0119787,-1.01811,-0.0167464,3.53,37.5993754,126.8635708,NULL,NULL,0.05,0.05,0.01,LOITER,367.358
183,366,14.889,65,14.89,0.06,0.06,NULL,NULL,301,-0.00755496,-1.01985,-0.00205535,3.6,37.5993748,126.8635699,NULL,NULL,0.02,0,0.08,LOITER,369.371
184,368,14.89,65,14.8,0.03,0.03,NULL,NULL,301,-0.00851983,-1.0196,0.0516651,3.59,37.5993747,126.8635691,NULL,NULL,0.05,0.03,0.01,LOITER,371.384
185,370,14.878,65,15.08,0.23,0.23,NULL,NULL,301,-0.0067138,-1.02522,0.000256441,3.59,37.5993801,126.8635728,NULL,NULL,-0.02,0.06,0.04,LOITER,373.4
186,372,14.909,65,15.69,0.13,0.13,NULL,NULL,301,-0.0110785,-1.02313,-0.00179087,3.47,37.5993804,126.8635741,NULL,NULL,0.1,0.05,-0.22,LOITER,375.413
187,374,14.877,65,14.56,0.07,0.07,NULL,NULL,301,-0.010373,-1.02097,0.0014048,3.39,37.5993815,126.8635751,NULL,NULL,0.02,-0.02,0,LOITER,377.43
188,376,14.879,64,14.45,0.08,0.08,NULL,NULL,301,-0.032922,-1.01661,0.000923562,3.41,37.5993817,126.8635768,NULL,NULL,-0.03,-0.01,-0.04,LOITER,379.444
189,378,14.87,64,15.35,0.12,0.12,NULL,NULL,301,-0.00634982,-1.02285,-0.00895751,3.36,37.5993811,126.8635763,NULL,NULL,-0.01,-0.03,-0.01,LOITER,381.458
190,380,14.872,64,14.94,0.1,0.1,NULL,NULL,301,-0.00431631,-1.01928,-0.00882118,3.37,37.5993817,126.8635759,NULL,NULL,-0.01,0,-0.01,LOITER,383.471
191,382,14.863,64,15.2,0.06,0.06,NULL,NULL,301,-0.00236138,-1.01659,-0.00660974,3.36,37.599382,126.8635763,NULL,NULL,0,0,0.01,LOITER,385.485
192,384,14.858,64,14.96,0.06,0.06,NULL,NULL,301,-0.00468916,-1.0193,-0.024099,3.32,37.5993824,126.8635764,NULL,NULL,-0.01,-0.02,0.04,LOITER,387.499
193,386,14.848,64,14.85,0.02,0.02,NULL,NULL,301,0.00249808,-1.01998,-0.00945037,3.35,37.5993816,126.8635759,NULL,NULL,0.02,0,0,LOITER,389.511
194,388,14.852,63,15.11,0.03,0.03,NULL,NULL,301,0.0042213,-1.02064,-0.0148153,3.33,37.5993812,126.863575,NULL,NULL,0,0.01,0.02,LOITER,391.525
195,390,14.847,63,15.05,0.07,0.07,NULL,NULL,301,0.00418574,-1.0183,-0.00448339,3.33,37.5993806,126.8635753,NULL,NULL,0.07,0,0.03,LOITER,393.538
196,392,14.84,63,15.15,0.09,0.09,NULL,NULL,301,0.00796816,-1.01948,-0.00937562,3.34,37.5993811,126.8635759,NULL,NULL,0.02,0,0.03,LOITER,395.562
197,394,14.85,63,14.76,0.08,0.08,NULL,NULL,301,0.0171073,-1.02103,0.00197401,3.36,37.599381,126.8635753,NULL,NULL,0.04,-0.01,0,LOITER,397.575
198,396,14.839,63,14.89,0.16,0.16,NULL,NULL,301,0.00688864,-1.0214,-0.0172401,3.37,37.5993813,126.863576,NULL,NULL,0.09,0.06,0,LOITER,399.591
199,398,14.837,62,15.11,0.1,0.1,NULL,NULL,301,0.0103629,-1.02157,-0.0322346,3.33,37.5993824,126.8635766,NULL,NULL,0.03,-0.01,0.01,LOITER,401.606
200,400,14.849,62,16.72,0.06,0.06,NULL,NULL,301,0.00862381,-1.01888,-0.0112933,3.29,37.599382,126.8635764,NULL,NULL,-0.02,0,0.17,LOITER,403.62
201,402,14.834,62,15.29,0.15,0.15,NULL,NULL,301,0.00515015,-1.0202,-0.00126512,3.45,37.5993814,126.8635763,NULL,NULL,-0.04,0,0.03,LOITER,405.635
202,404,14.824,62,14.99,0.09,0.09,NULL,NULL,301,0.0534309,-1.01406,0.00950732,3.49,37.5993812,126.8635736,NULL,NULL,-0.02,0.05,-0.01,LOITER,407.649
203,406,14.816,62,15.38,0.16,0.16,NULL,NULL,301,0.0140698,-1.01393,0.0547024,3.44,37.5993799,126.8635765,NULL,NULL,0.12,0.24,0.02,LOITER,409.663
204,408,14.827,62,14.82,0.11,0.11,NULL,NULL,301,-0.0178407,-1.0206,-0.0139395,3.5,37.5993804,126.863581,NULL,NULL,-0.05,0.23,-0.02,LOITER,411.676
205,410,14.821,61,14.6,0.09,0.09,NULL,NULL,300,-0.0261495,-1.03579,0.00528086,3.47,37.5993795,126.8635822,NULL,NULL,0.01,-0.03,0,LOITER,413.691
206,412,14.799,61,15.58,0.04,0.04,NULL,NULL,301,-0.00360802,-1.02805,0.0130393,3.47,37.5993793,126.8635805,NULL,NULL,0,-0.07,0,LOITER,415.712
207,414,14.82,61,14.89,0.08,0.08,NULL,NULL,301,0.0262386,-1.02187,-0.0820916,3.46,37.5993812,126.8635811,NULL,NULL,-0.11,0,0,LOITER,417.725
208,416,14.806,61,15.16,0.4,0.4,NULL,NULL,301,-0.00166041,-1.02051,0.0583422,3.46,37.5993778,126.8635791,NULL,NULL,-0.09,0.01,0.01,LOITER,419.737
209,418,14.803,61,15.47,0.18,0.18,NULL,NULL,301,-0.115329,-1.02653,0.00431901,3.46,37.5993768,126.8635787,NULL,NULL,-0.02,-0.2,0,LOITER,421.748
210,420,14.795,61,15.31,0.09,0.09,NULL,NULL,301,-0.022725,-1.02084,0.0148775,3.5,37.599378,126.8635739,NULL,NULL,0.12,-0.14,-0.02,LOITER,423.758
211,422,14.769,60,15.65,0.15,0.15,NULL,NULL,301,-0.0156381,-1.02441,-0.00409245,3.53,37.5993791,126.8635744,NULL,NULL,-0.04,-0.01,0.14,LOITER,425.773
212,424,14.782,60,15.08,0.34,0.34,NULL,NULL,301,0.0308136,-1.02095,0.0138097,3.53,37.5993804,126.8635674,NULL,NULL,0,-0.04,0,LOITER,427.793
213,426,14.8,60,15.17,0.11,0.11,NULL,NULL,301,-0.054178,-1.02759,0.00519077,3.54,37.5993808,126.8635672,NULL,NULL,0.14,-0.04,-0.01,LOITER,429.806
214,428,14.799,60,14.74,0.03,0.03,NULL,NULL,301,-0.00187035,-1.02222,0.027757,3.51,37.5993824,126.8635639,NULL,NULL,-0.05,-0.04,0,LOITER,431.82
215,430,14.791,60,14.48,0.29,0.29,NULL,NULL,301,-0.0367113,-1.02374,0.00818362,3.54,37.5993846,126.8635619,NULL,NULL,0.19,-0.29,-0.01,LOITER,433.835
216,432,14.787,60,14.98,0.11,0.11,NULL,NULL,301,0.00963565,-1.01902,-0.0137072,3.53,37.5993872,126.863558,NULL,NULL,0.02,0.06,0.02,LOITER,435.848
217,434,14.796,59,14.88,0.04,0.04,NULL,NULL,301,-0.0259318,-1.01984,0.000625946,3.53,37.5993865,126.8635587,NULL,NULL,0.03,-0.04,0.03,LOITER,437.862
218,436,14.769,59,14.81,0.1,0.1,NULL,NULL,301,-0.0115727,-1.02457,-0.00548791,3.55,37.5993871,126.8635587,NULL,NULL,-0.04,-0.06,0.01,LOITER,439.878
219,438,14.77,59,15.16,0.09,0.09,NULL,NULL,301,-0.0160017,-1.02223,-0.00957113,3.55,37.5993858,126.8635577,NULL,NULL,0.04,-0.04,0.01,LOITER,441.897
220,440,14.777,59,14.68,0.04,0.04,NULL,NULL,301,-0.00690645,-1.02334,-0.00855884,3.54,37.5993856,126.8635568,NULL,NULL,0.05,0,0,LOITER,443.909
221,442,14.77,59,15.23,0.08,0.08,NULL,NULL,301,-0.0108266,-1.02714,-0.00322613,3.5,37.5993862,126.8635567,NULL,NULL,0.07,0.03,0.05,LOITER,445.923
222,444,14.781,59,14.47,0.18,0.18,NULL,NULL,301,-0.015777,-1.0194,0.0162331,3.52,37.599386,126.8635572,NULL,NULL,0.17,0.13,0.01,LOITER,447.937
223,446,14.768,58,15.04,0.09,0.09,NULL,NULL,301,-0.0107417,-1.01834,0.012893,3.53,37.5993864,126.8635579,NULL,NULL,0.09,0.02,0.02,LOITER,449.951
224,448,14.774,58,14.59,0.02,0.02,NULL,NULL,303,-0.0137795,-0.982068,0.00466815,3.5,37.5993867,126.8635575,NULL,NULL,0.02,0.02,0.04,LOITER,451.965
225,450,14.794,58,12.76,0.02,0.02,NULL,NULL,307,-0.0247316,-0.900467,0.00255777,3.39,37.5993862,126.8635581,NULL,NULL,0.02,0,-0.37,LOITER,453.987
226,452,14.796,58,12.59,0.09,0.09,NULL,NULL,308,-0.0408362,-0.901101,-0.0172223,3.69,37.5993863,126.863559,NULL,NULL,0.01,-0.08,0.09,LOITER,456
227,454,14.761,58,15.59,0.5,0.5,NULL,NULL,308,-0.0117871,-0.901639,-0.0372337,3.69,37.5993855,126.8635653,NULL,NULL,-0.13,0.12,0.04,LOITER,458.013
228,456,14.751,58,15.02,0.16,0.16,NULL,NULL,308,-0.0408673,-0.905872,-0.0210979,3.71,37.5993832,126.8635709,NULL,NULL,-0.12,0.02,0.02,LOITER,460.027
229,458,14.753,57,14.51,0.03,0.03,NULL,NULL,308,-0.0265601,-0.904438,0.000138256,3.74,37.5993829,126.8635713,NULL,NULL,0,-0.05,-0.02,LOITER,462.04
230,460,14.758,57,14.42,0.12,0.12,NULL,NULL,308,-0.0172556,-0.906743,0.00776337,3.73,37.5993826,126.8635708,NULL,NULL,0.01,-0.04,-0.03,LOITER,464.054
231,462,14.767,57,14.5,0.07,0.07,NULL,NULL,308,-0.0105151,-0.900848,-0.0143877,3.75,37.5993829,126.8635705,NULL,NULL,0.06,-0.01,-0.03,LOITER,466.064
232,464,14.738,57,14.7,0.04,0.04,NULL,NULL,308,-0.0312446,-0.901776,-0.0163737,3.75,37.5993824,126.8635708,NULL,NULL,0.07,0.04,-0.03,LOITER,468.077
233,466,14.745,57,15.14,0.04,0.04,NULL,NULL,308,-0.00546468,-0.901654,-0.00220033,3.7,37.5993823,126.8635697,NULL,NULL,-0.01,0,0.01,LOITER,470.091
234,468,14.744,57,15.21,0.03,0.03,NULL,NULL,308,-0.0300826,-0.903307,-0.005082,3.67,37.5993816,126.8635709,NULL,NULL,0.07,-0.03,0.05,LOITER,472.105
235,470,14.746,56,14.3,0.16,0.16,NULL,NULL,308,-0.013409,-0.89836,-0.0281285,3.69,37.5993826,126.8635705,NULL,NULL,0.08,0.04,0.05,LOITER,474.12
236,472,14.733,56,15.03,0.04,0.04,NULL,NULL,308,-0.0232612,-0.90619,-0.0212257,3.68,37.5993832,126.8635706,NULL,NULL,0,0.04,0.03,LOITER,476.134
237,474,14.732,56,14.45,0.03,0.03,NULL,NULL,308,-0.0199507,-0.901798,-0.0273106,3.67,37.5993833,126.8635709,NULL,NULL,-0.02,0,0.04,LOITER,478.147
238,476,14.734,56,14.74,0.03,0.03,NULL,NULL,308,-0.0134885,-0.904704,-0.00814359,3.68,37.5993828,126.8635703,NULL,NULL,0.03,0.02,0.03,LOITER,480.16
239,478,14.733,56,14.88,0.06,0.06,NULL,NULL,307,-0.0060196,-0.908622,-0.0223505,3.69,37.5993838,126.8635706,NULL,NULL,0.06,0.05,0.02,LOITER,482.172
240,480,14.728,56,14.72,0.14,0.14,NULL,NULL,308,-0.00839174,-0.901996,-0.00413316,3.69,37.5993836,126.8635698,NULL,NULL,-0.05,0.01,0.02,LOITER,484.186
241,482,14.722,55,14.87,0.14,0.14,NULL,NULL,308,-0.0256791,-0.906434,-0.0131083,3.69,37.5993826,126.8635704,NULL,NULL,-0.03,0.02,0.02,LOITER,486.2
242,484,14.724,55,14.73,0.04,0.04,NULL,NULL,307,-0.0183724,-0.90854,0.0051162,3.72,37.5993821,126.8635708,NULL,NULL,0.02,-0.02,0,LOITER,488.217
243,486,14.707,55,14.95,0.05,0.05,NULL,NULL,307,-0.014172,-0.909023,-0.010724,3.74,37.599383,126.8635704,NULL,NULL,0,0,-0.01,LOITER,490.23
244,488,14.719,55,15.09,0.08,0.08,NULL,NULL,308,-0.0228273,-0.906209,-0.0494223,3.73,37.5993823,126.8635694,NULL,NULL,-0.45,-0.33,0,LOITER,492.243
245,490,14.731,55,14.69,0.07,0.07,NULL,NULL,307,-0.0219333,-0.907401,0.0205552,3.75,37.5993804,126.8635667,NULL,NULL,-0.12,-0.01,-0.02,LOITER,494.261
246,492,14.723,54,14.51,0.07,0.07,NULL,NULL,308,-0.0186362,-0.907638,-0.0128041,3.72,37.5993804,126.8635663,NULL,NULL,-0.05,0.07,-0.02,LOITER,496.272
247,494,14.712,54,14.82,0.09,0.09,NULL,NULL,308,-0.0136416,-0.904109,-0.0135333,3.71,37.5993803,126.8635668,NULL,NULL,-0.11,0.01,0,LOITER,498.286
248,496,14.7,54,14.84,0.1,0.1,NULL,NULL,308,-0.0189066,-0.905886,0.00238078,3.69,37.5993795,126.8635666,NULL,NULL,-0.06,0,0.02,LOITER,500.298
249,498,14.701,54,15.08,0.06,0.06,NULL,NULL,308,-0.0184085,-0.907352,0.00847677,3.71,37.5993794,126.8635666,NULL,NULL,-0.05,0.01,0,LOITER,502.31
250,500,14.693,54,14.63,0.05,0.05,NULL,NULL,308,-0.0277243,-0.906316,0.0102582,3.71,37.5993797,126.8635672,NULL,NULL,0,0.04,0,LOITER,504.32
251,502,14.7,54,14.94,0.1,0.1,NULL,NULL,307,-0.0431085,-0.912845,-0.0094169,3.71,37.5993807,126.8635662,NULL,NULL,0.08,-0.14,0,LOITER,506.333
252,504,14.697,54,14.68,0.13,0.13,NULL,NULL,308,-0.0266027,-0.905614,0.00301586,3.68,37.5993813,126.863566,NULL,NULL,-0.03,-0.05,0.05,LOITER,508.346
253,506,14.701,53,15.19,0.06,0.06,NULL,NULL,308,-0.0318257,-0.901125,-0.0133354,3.71,37.5993811,126.8635663,NULL,NULL,-0.05,-0.05,0,LOITER,510.36
254,508,14.697,53,14.87,0.16,0.16,NULL,NULL,308,-0.0142915,-0.901844,-0.0325982,3.71,37.5993808,126.8635657,NULL,NULL,0.06,-0.05,0,LOITER,512.373
255,510,14.697,53,14.54,0.09,0.09,NULL,NULL,308,-0.0171323,-0.906614,-0.00522849,3.71,37.599381,126.8635647,NULL,NULL,-0.06,-0.04,0,LOITER,514.389
256,512,14.697,53,14.59,0.23,0.23,NULL,NULL,308,0.0135002,-0.902897,-0.0150208,3.72,37.5993826,126.8635637,NULL,NULL,-0.01,-0.09,-0.01,LOITER,516.403
257,514,14.678,53,15.01,0.05,0.05,NULL,NULL,308,-0.0324646,-0.904016,-0.00389213,3.7,37.5993817,126.8635634,NULL,NULL,-0.01,-0.05,0,LOITER,518.413
258,516,14.67,52,14.93,0.08,0.08,NULL,NULL,308,-0.020729,-0.903654,-0.0131255,3.69,37.5993822,126.8635629,NULL,NULL,0.03,-0.06,0.03,LOITER,520.428
259,518,14.677,52,14.91,0.12,0.12,NULL,NULL,308,-0.0308034,-0.90534,0.00496068,3.73,37.599382,126.8635625,NULL,NULL,-0.05,0,0,LOITER,522.442
260,520,14.675,52,15.05,0.06,0.06,NULL,NULL,308,-0.03058,-0.908131,0.0046869,3.69,37.5993811,126.8635626,NULL,NULL,0.02,-0.01,0.03,LOITER,524.455
261,522,14.667,52,15.1,0.07,0.07,NULL,NULL,308,-0.024985,-0.903215,-0.00255073,3.69,37.599381,126.8635624,NULL,NULL,0.08,0,0.02,LOITER,526.468
262,524,14.66,52,15.03,0.03,0.03,NULL,NULL,308,-0.0236287,-0.906747,-0.00282849,3.72,37.599382,126.8635626,NULL,NULL,0,-0.04,-0.01,LOITER,528.481
263,526,14.661,52,15.36,0.14,0.14,NULL,NULL,308,0.0118143,-0.906624,-0.00167643,3.66,37.5993811,126.8635634,NULL,NULL,-0.02,0.04,0.06,LOITER,530.496
264,528,14.668,52,14.89,0.16,0.16,NULL,NULL,308,-0.0493555,-0.905088,-0.014091,3.68,37.5993801,126.863567,NULL,NULL,0.04,0.03,0.02,LOITER,532.509
265,530,14.652,51,14.93,0.14,0.14,NULL,NULL,308,-0.0320725,-0.907277,-0.0145593,3.7,37.5993784,126.863569,NULL,NULL,-0.09,-0.02,0.02,LOITER,534.524
266,532,14.664,51,15.33,0.09,0.09,NULL,NULL,308,-0.0247658,-0.907276,0.00276321,3.72,37.5993768,126.8635692,NULL,NULL,-0.03,-0.04,0,LOITER,536.539
267,534,14.646,51,14.93,0.05,0.05,NULL,NULL,307,-0.00351853,-0.927439,0.00156887,3.72,37.5993771,126.8635686,NULL,NULL,0,-0.04,0,LOITER,538.552
268,536,14.642,51,15.35,0.14,0.14,NULL,NULL,300,-0.0089382,-1.04375,-0.123773,3.7,37.5993783,126.8635681,NULL,NULL,-0.25,-0.12,0.01,LOITER,540.562
269,538,14.65,51,14.98,0.11,0.11,NULL,NULL,300,-0.0105226,-1.03959,0.00688385,3.74,37.5993753,126.8635672,NULL,NULL,-0.08,-0.07,0,LOITER,542.572
270,540,14.642,51,14.57,0.04,0.04,NULL,NULL,300,-0.00907388,-1.04696,-0.00426218,3.74,37.5993744,126.8635672,NULL,NULL,0.04,-0.01,-0.02,LOITER,544.588
271,542,14.636,50,15.41,0.1,0.1,NULL,NULL,300,-0.0101365,-1.03378,0.0184473,3.7,37.5993746,126.8635667,NULL,NULL,0.04,-0.03,0.01,LOITER,546.602
272,544,14.65,50,15.17,0.08,0.08,NULL,NULL,300,-0.0074568,-1.0351,-0.0131933,3.75,37.5993759,126.8635673,NULL,NULL,0.02,0.01,-0.03,LOITER,548.615
273,546,14.635,50,15.18,0.07,0.07,NULL,NULL,300,-0.00387877,-1.0369,-0.0095376,3.74,37.5993763,126.8635674,NULL,NULL,0,-0.02,-0.02,LOITER,550.63
274,548,14.631,50,14.96,0.18,0.18,NULL,NULL,300,-0.0212351,-1.04315,2.28938E-05,3.71,37.599375,126.8635669,NULL,NULL,-0.1,-0.05,0,LOITER,552.647
275,550,14.634,50,15.37,0.07,0.07,NULL,NULL,300,0.00402213,-1.03269,-0.00348138,3.69,37.5993748,126.8635663,NULL,NULL,0.05,0,0.04,LOITER,554.662
276,552,14.624,49,15.29,0.04,0.04,NULL,NULL,300,0.00115523,-1.03651,-0.0167649,3.71,37.5993752,126.8635661,NULL,NULL,-0.05,0.01,0,LOITER,556.676
277,554,14.623,49,15.02,0.07,0.07,NULL,NULL,300,0.000152286,-1.03613,-0.00667814,3.7,37.5993743,126.8635659,NULL,NULL,-0.01,0.03,0.01,LOITER,558.689
278,556,14.623,49,14.91,0.11,0.11,NULL,NULL,300,0.00512073,-1.03665,-0.00563426,3.74,37.599374,126.8635657,NULL,NULL,0.05,0.05,0,LOITER,560.702
279,558,14.618,49,15.14,0.09,0.09,NULL,NULL,300,0.00305954,-1.03858,-0.013739,3.73,37.5993751,126.8635665,NULL,NULL,0.02,0.04,-0.01,LOITER,562.712
280,560,14.617,49,14.99,0.07,0.07,NULL,NULL,300,0.0037033,-1.03656,-0.0169314,3.71,37.5993753,126.8635674,NULL,NULL,0,0,-0.01,LOITER,564.733
281,562,14.618,49,15.11,0.04,0.04,NULL,NULL,300,0.00033526,-1.03649,-0.0158647,3.68,37.5993748,126.8635678,NULL,NULL,-0.01,-0.04,0.03,LOITER,566.746
282,564,14.611,48,15.26,0.1,0.1,NULL,NULL,300,0.00621597,-1.03269,-0.0004083,3.69,37.5993742,126.8635673,NULL,NULL,0.01,-0.03,0.03,LOITER,568.76
283,566,14.618,48,15.2,0.05,0.05,NULL,NULL,300,-0.00352182,-1.03414,-0.00851041,3.72,37.5993747,126.8635674,NULL,NULL,0.02,-0.03,0,LOITER,570.773
284,568,14.617,48,15.18,0.13,0.13,NULL,NULL,292,-0.00203318,-1.17564,-0.0471085,3.7,37.5993743,126.8635663,NULL,NULL,-0.2,-0.06,0.01,LOITER,572.789
285,570,14.597,48,15.44,0.18,0.18,NULL,NULL,292,0.0132574,-1.17976,-0.000507738,3.68,37.5993704,126.863565,NULL,NULL,0.04,-0.09,0.03,LOITER,574.804
286,572,14.597,48,15.29,0.31,0.31,NULL,NULL,292,-0.0313678,-1.18364,-0.00294294,3.68,37.5993689,126.8635656,NULL,NULL,-0.19,0.22,0.04,LOITER,576.818
287,574,14.601,48,15.51,0.06,0.06,NULL,NULL,291,0.0141045,-1.18978,0.0168527,3.7,37.5993671,126.8635669,NULL,NULL,-0.02,0,0.01,LOITER,578.833
288,576,14.606,47,14.96,0.17,0.17,NULL,NULL,291,0.00472229,-1.19649,-0.00108445,3.68,37.5993683,126.863568,NULL,NULL,0.02,0.1,0.04,LOITER,580.852
289,578,14.603,47,15.17,0.08,0.08,NULL,NULL,291,0.00142561,-1.19123,-0.0111326,3.7,37.5993688,126.8635692,NULL,NULL,-0.06,-0.05,0.01,LOITER,582.864
290,580,14.59,47,15.2,0.03,0.03,NULL,NULL,291,0.00608323,-1.19808,-0.0118816,3.74,37.5993681,126.8635688,NULL,NULL,0.04,0.01,-0.02,LOITER,584.877
291,582,14.589,47,15.47,0.25,0.25,NULL,NULL,291,0.0170624,-1.1987,-0.0260041,3.74,37.599369,126.8635697,NULL,NULL,0.05,-0.09,0,LOITER,586.89
292,584,14.602,47,15.21,0.16,0.16,NULL,NULL,291,0.0156652,-1.1885,-0.00706043,3.71,37.599369,126.8635689,NULL,NULL,-0.04,-0.05,0,LOITER,588.906
293,586,14.583,47,15.28,0.05,0.05,NULL,NULL,292,0.0177311,-1.182,0.00597078,3.73,37.5993678,126.863567,NULL,NULL,-0.06,0.04,0,LOITER,590.92
294,588,14.578,46,15.24,0.07,0.07,NULL,NULL,292,-0.00296526,-1.18195,-0.0044327,3.71,37.599368,126.8635684,NULL,NULL,0,0.07,0.01,LOITER,592.933
295,590,14.586,46,15.02,0.08,0.08,NULL,NULL,291,0.00581983,-1.19006,-0.00982607,3.72,37.5993679,126.8635699,NULL,NULL,0,-0.05,-0.01,LOITER,594.947
296,592,14.581,46,15.42,0.17,0.17,NULL,NULL,291,0.0143244,-1.19023,0.00246753,3.74,37.5993677,126.8635689,NULL,NULL,0.02,-0.03,-0.03,LOITER,596.96
297,594,14.571,46,15.31,0.09,0.09,NULL,NULL,291,0.0250488,-1.18901,-0.0131796,3.71,37.599369,126.8635676,NULL,NULL,0.01,-0.02,0.02,LOITER,598.975
298,596,14.577,46,14.88,0.12,0.12,NULL,NULL,291,0.0151307,-1.19222,0.0284591,3.71,37.5993682,126.8635673,NULL,NULL,-0.13,0.01,-0.01,LOITER,600.987
299,598,14.582,45,14.87,0.07,0.07,NULL,NULL,291,0.0179537,-1.1898,-0.00232387,3.7,37.5993687,126.8635692,NULL,NULL,0,-0.01,0.01,LOITER,603.002
300,600,14.57,45,15.81,0.04,0.04,NULL,NULL,292,0.00776442,-1.18423,-0.00601975,3.71,37.5993681,126.8635694,NULL,NULL,0.01,0,0.01,LOITER,605.012
301,602,14.577,45,15.7,0.2,0.2,NULL,NULL,292,0.017607,-1.18261,0.012162,3.7,37.5993669,126.8635679,NULL,NULL,-0.07,-0.08,0.01,LOITER,607.023
302,604,14.565,45,15.13,0.26,0.26,NULL,NULL,292,-0.00132422,-1.1852,-0.0287011,3.68,37.5993674,126.8635684,NULL,NULL,0.09,0.09,0.02,LOITER,609.048
303,606,14.555,45,15.16,0.11,0.11,NULL,NULL,291,0.015379,-1.18944,0.00760566,3.7,37.5993676,126.8635686,NULL,NULL,0.1,0,0.01,LOITER,611.062
304,608,14.566,45,15.43,0.08,0.08,NULL,NULL,291,0.0145539,-1.18726,-0.000822091,3.69,37.5993684,126.8635686,NULL,NULL,0.06,-0.01,0.02,LOITER,613.076
305,610,14.555,44,15.38,0,0,NULL,NULL,292,0.013883,-1.18281,-0.00764144,3.71,37.5993685,126.8635673,NULL,NULL,-0.04,0,0.01,LOITER,615.09
306,612,14.559,44,15.18,0.29,0.29,NULL,NULL,292,0.0195572,-1.18609,-0.0016197,3.68,37.5993672,126.8635663,NULL,NULL,0.11,0.12,0.05,LOITER,617.104
307,614,14.562,44,15.15,0.16,0.16,NULL,NULL,292,0.00763365,-1.18682,-0.00832061,3.69,37.5993688,126.8635688,NULL,NULL,-0.02,0.05,0.03,LOITER,619.117
308,616,14.555,44,15.53,0.15,0.15,NULL,NULL,289,0.0166122,-1.2335,-0.0146468,3.68,37.5993696,126.8635703,NULL,NULL,-0.04,-0.09,0.03,LOITER,621.129
309,618,14.55,44,15.16,0.22,0.22,NULL,NULL,289,0.0140839,-1.23112,0.00857959,3.69,37.5993681,126.863569,NULL,NULL,-0.07,-0.04,0.04,LOITER,623.142
310,620,14.556,44,15.3,0.06,0.06,NULL,NULL,289,0.0189051,-1.23496,-0.00103046,3.75,37.5993672,126.8635678,NULL,NULL,0.03,0.02,0,LOITER,625.156
311,622,14.555,43,15.15,0.03,0.03,NULL,NULL,289,0.0210109,-1.23844,-0.00636937,3.75,37.5993683,126.863568,NULL,NULL,0.01,0.02,0,LOITER,627.17
312,624,14.552,43,15.44,0.08,0.08,NULL,NULL,289,-0.0202047,-1.23019,-0.00755593,3.75,37.5993694,126.8635685,NULL,NULL,0.03,-0.06,0.01,LOITER,629.184
313,626,14.533,43,15.32,0.18,0.18,NULL,NULL,289,0.043308,-1.23582,0.0189493,3.76,37.599368,126.8635685,NULL,NULL,-0.08,-0.14,0,LOITER,631.198
314,628,14.529,43,15.54,0.23,0.23,NULL,NULL,289,0.0530015,-1.2351,-0.00652792,3.76,37.5993688,126.863566,NULL,NULL,0.09,-0.16,0.02,LOITER,633.211
315,630,14.534,43,15.49,0.07,0.07,NULL,NULL,289,0.0160245,-1.23728,-0.00109298,3.76,37.5993684,126.8635649,NULL,NULL,0,-0.09,0,LOITER,635.222
316,632,14.523,43,15.05,0.11,0.11,NULL,NULL,289,0.0121686,-1.23781,-0.00565602,3.75,37.599369,126.8635641,NULL,NULL,0,-0.01,0,LOITER,637.234
317,634,14.533,42,14.83,0.03,0.03,NULL,NULL,289,0.00188396,-1.23669,0.00436618,3.78,37.5993697,126.8635644,NULL,NULL,-0.04,-0.02,0,LOITER,639.244
318,636,14.54,42,15.1,0.07,0.07,NULL,NULL,289,0.0124136,-1.2396,0.0102915,3.77,37.599369,126.863564,NULL,NULL,0.01,0.01,0,LOITER,641.256
319,638,14.538,42,14.99,0.03,0.03,NULL,NULL,289,0.00263551,-1.23834,0.0246975,3.79,37.5993692,126.8635645,NULL,NULL,-0.03,0,-0.02,LOITER,643.271
320,640,14.536,42,14.73,0.02,0.02,NULL,NULL,289,-0.00733811,-1.23219,0.0106741,3.78,37.5993692,126.8635651,NULL,NULL,-0.04,-0.03,0,LOITER,645.286
321,642,14.521,42,15.37,0.14,0.14,NULL,NULL,288,0.013303,-1.23854,0.00351393,3.76,37.5993692,126.8635651,NULL,NULL,0.05,-0.06,0.01,LOITER,647.299
322,644,14.524,42,15.34,0.08,0.08,NULL,NULL,289,0.00358583,-1.23311,-0.00541413,3.74,37.5993699,126.863565,NULL,NULL,-0.03,-0.04,0.02,LOITER,649.312
323,646,14.528,41,16.15,0.09,0.09,NULL,NULL,291,-0.0048788,-1.18831,0.0130907,3.73,37.5993691,126.863565,NULL,NULL,0,-0.06,0.02,LOITER,651.325
324,648,14.514,41,15.44,0.06,0.06,NULL,NULL,291,0.00800468,-1.18891,-0.0101706,3.7,37.5993702,126.8635648,NULL,NULL,0.02,-0.02,0.02,LOITER,653.338
325,650,14.526,41,15.41,0.21,0.21,NULL,NULL,292,0.051723,-1.16928,-0.00320701,3.69,37.5993697,126.8635663,NULL,NULL,-0.18,0.19,0,LOITER,655.352
326,652,14.525,41,15.2,0.09,0.09,NULL,NULL,292,0.00695962,-1.17566,0.00633607,3.67,37.5993679,126.8635684,NULL,NULL,0.01,-0.05,0.02,LOITER,657.361
327,654,14.518,41,15.16,0.03,0.03,NULL,NULL,293,0.00225881,-1.17171,0.0444107,3.65,37.5993667,126.8635679,NULL,NULL,0.12,0.01,0.03,LOITER,659.372
328,656,14.504,40,15.69,0.07,0.07,NULL,NULL,292,0.000962663,-1.17075,0.015935,3.68,37.5993696,126.8635689,NULL,NULL,0.07,-0.03,0.03,LOITER,661.386
329,658,14.503,40,15.45,0.26,0.26,NULL,NULL,292,-0.0127279,-1.17256,0.00425946,3.71,37.5993733,126.8635712,NULL,NULL,0.02,0.22,0.01,LOITER,663.401
330,660,14.507,40,15.11,0.1,0.1,NULL,NULL,293,-0.00810048,-1.16596,-0.00771452,3.67,37.599373,126.8635746,NULL,NULL,-0.01,0.04,0.02,LOITER,665.414
331,662,14.509,40,15.06,0.2,0.2,NULL,NULL,292,0.0720835,-1.1688,0.00425794,3.71,37.599372,126.8635758,NULL,NULL,-0.17,0.35,0,LOITER,667.427
332,664,14.507,40,15.14,0.12,0.12,NULL,NULL,292,-0.00794452,-1.17263,0.0065903,3.7,37.5993713,126.8635777,NULL,NULL,-0.04,0.02,0,LOITER,669.442
333,666,14.507,40,15.31,0.06,0.06,NULL,NULL,293,-0.00408923,-1.16554,-0.0110111,3.69,37.5993717,126.8635782,NULL,NULL,0.02,0.04,0.01,LOITER,671.455
334,668,14.506,39,15.23,0.07,0.07,NULL,NULL,283,-0.00401182,-1.3372,-0.00698789,3.7,37.5993717,126.8635794,NULL,NULL,-0.02,-0.04,0,LOITER,673.47
335,670,14.493,39,15.24,0.07,0.07,NULL,NULL,283,-0.004533,-1.33613,-0.00750883,3.71,37.5993714,126.8635784,NULL,NULL,-0.02,-0.01,-0.01,LOITER,675.485
336,672,14.496,39,14.87,0.02,0.02,NULL,NULL,283,-0.00668634,-1.33668,-0.012158,3.72,37.5993714,126.8635783,NULL,NULL,-0.03,0,-0.02,LOITER,677.497
337,674,14.507,39,15.27,0.1,0.1,NULL,NULL,283,-0.00680085,-1.33128,0.00420877,3.73,37.5993712,126.8635774,NULL,NULL,0,0,-0.01,LOITER,679.507
338,676,14.492,39,15.17,0.12,0.12,NULL,NULL,283,-0.0145478,-1.33762,-0.0070338,3.72,37.5993713,126.8635788,NULL,NULL,0.01,-0.06,-0.01,LOITER,681.519
339,678,14.494,39,15.28,0.16,0.16,NULL,NULL,283,0.000359706,-1.33919,-0.00358128,3.68,37.5993714,126.8635771,NULL,NULL,0.01,-0.01,0,LOITER,683.533
340,680,14.495,38,15.32,0.16,0.16,NULL,NULL,284,-0.00609603,-1.32653,-0.0206294,3.69,37.5993722,126.8635772,NULL,NULL,0.02,0.1,0,LOITER,685.547
341,682,14.491,38,15.17,0.04,0.04,NULL,NULL,283,-0.0058505,-1.33841,-0.0153776,3.7,37.5993725,126.8635783,NULL,NULL,-0.14,-0.02,-0.01,LOITER,687.561
342,684,14.479,38,15.47,0.08,0.08,NULL,NULL,283,-0.0174529,-1.33219,0.0294505,3.69,37.5993699,126.8635786,NULL,NULL,-0.14,-0.06,0,LOITER,689.579
343,686,14.487,38,15.74,0.2,0.2,NULL,NULL,283,-0.0258527,-1.335,-0.0016461,3.68,37.5993706,126.8635792,NULL,NULL,0.06,-0.02,0,LOITER,691.593
344,688,14.515,38,16.81,0.13,0.13,NULL,NULL,277,-0.00604181,-1.4333,-0.00687267,3.7,37.5993713,126.8635788,NULL,NULL,-0.02,-0.1,-0.02,LOITER,693.609
345,690,14.496,38,15.18,0.12,0.12,NULL,NULL,278,-0.0147904,-1.4279,0.0153342,3.72,37.5993708,126.8635787,NULL,NULL,0,-0.07,-0.05,LOITER,695.622
346,692,14.488,37,15.36,0.01,0.01,NULL,NULL,278,-0.00747612,-1.42332,-0.000568995,3.68,37.5993718,126.8635774,NULL,NULL,0.05,0,0,LOITER,697.635
347,694,14.473,37,14.67,0.13,0.13,NULL,NULL,280,0.0238713,-1.39528,-0.00776624,3.52,37.5993728,126.8635781,NULL,NULL,-0.05,0.01,0.02,LOITER,699.65
348,696,14.475,37,15.43,0.11,0.11,NULL,NULL,279,-0.0322591,-1.40017,-0.0239494,3.5,37.599373,126.8635802,NULL,NULL,-0.03,0.02,0.01,LOITER,701.661
349,698,14.477,37,15.56,0.1,0.1,NULL,NULL,280,-0.0182076,-1.39385,-0.0152423,3.48,37.5993716,126.8635815,NULL,NULL,-0.1,-0.04,0.04,LOITER,703.673
350,700,14.49,37,14.47,0.12,0.12,NULL,NULL,280,-0.0231096,-1.39126,-0.0242625,3.53,37.5993717,126.8635806,NULL,NULL,0.14,0.01,-0.03,LOITER,705.686
351,702,14.456,37,17.69,0.1,0.1,NULL,NULL,280,0.00964008,-1.39296,-0.073702,3.62,37.599374,126.8635809,NULL,NULL,-0.11,-0.08,0.21,LOITER,707.703
352,704,14.479,36,16.24,0.05,0.05,NULL,NULL,279,-0.00389289,-1.39934,-0.0241202,3.76,37.5993727,126.8635796,NULL,NULL,-0.1,0.05,0.15,LOITER,709.721
353,706,14.473,36,15.43,0.09,0.09,NULL,NULL,279,-0.00958746,-1.39852,-0.0233022,3.77,37.5993718,126.8635777,NULL,NULL,0.01,-0.16,0.06,LOITER,711.734
354,708,14.463,36,15.95,0.07,0.07,NULL,NULL,279,-0.00238675,-1.39837,-0.00539329,3.77,37.5993722,126.8635759,NULL,NULL,-0.09,-0.02,0.07,LOITER,713.748
355,710,14.475,36,14.74,0.05,0.05,NULL,NULL,280,-0.0207659,-1.38871,-0.0114863,3.82,37.5993723,126.8635764,NULL,NULL,0.05,-0.05,-0.03,LOITER,715.761
356,712,14.452,36,15.17,0.04,0.04,NULL,NULL,281,-0.0116373,-1.36746,-0.00484999,3.58,37.599372,126.8635755,NULL,NULL,0.01,0,0.02,LOITER,717.774
357,714,14.46,35,15.47,0.09,0.09,NULL,NULL,281,-0.0129211,-1.36482,-0.0108928,3.57,37.5993729,126.8635756,NULL,NULL,-0.09,-0.03,0,LOITER,719.787
358,716,14.462,35,15.53,0.18,0.18,NULL,NULL,281,-0.00457034,-1.36722,-0.014523,3.58,37.5993726,126.8635751,NULL,NULL,0.04,-0.01,0,LOITER,721.801
359,718,14.462,35,15.35,0.07,0.07,NULL,NULL,281,0.00266845,-1.36408,-0.00671231,3.54,37.5993726,126.8635727,NULL,NULL,-0.04,0.04,0.02,LOITER,723.811
360,720,14.438,35,15.93,0.05,0.05,NULL,NULL,281,0.00347982,-1.36382,-0.00773614,3.55,37.5993729,126.8635727,NULL,NULL,-0.03,0.08,0,LOITER,725.823
361,722,14.453,35,14.96,0.08,0.08,NULL,NULL,282,-0.00638545,-1.3603,0.0010735,3.6,37.599373,126.8635737,NULL,NULL,0.07,0.04,-0.01,LOITER,727.838
362,724,14.454,35,15.19,0.04,0.04,NULL,NULL,281,-0.0179823,-1.37043,-0.0105857,3.64,37.5993729,126.8635756,NULL,NULL,-0.03,0,0,LOITER,729.851
363,726,14.445,34,15.56,0.11,0.11,NULL,NULL,282,-0.00563179,-1.36113,0.00615453,3.65,37.5993724,126.8635755,NULL,NULL,0.03,-0.04,0.02,LOITER,731.865
364,728,14.438,34,15.81,0.09,0.09,NULL,NULL,281,-0.000858839,-1.36441,-0.00760602,3.77,37.5993726,126.8635749,NULL,NULL,0,-0.02,0.01,LOITER,733.879
365,730,14.449,34,15.25,0.13,0.13,NULL,NULL,281,-0.0062594,-1.3624,0.00519688,3.78,37.5993717,126.8635742,NULL,NULL,-0.03,-0.04,0.06,LOITER,735.891
366,732,14.441,34,15.13,0.09,0.09,NULL,NULL,282,-0.0113028,-1.35825,-0.00490181,3.82,37.5993721,126.8635745,NULL,NULL,0.11,0,0.02,LOITER,737.906
367,734,14.434,34,15.13,0.11,0.11,NULL,NULL,281,-0.0124065,-1.36963,-0.00534028,3.81,37.5993731,126.8635742,NULL,NULL,-0.04,0.03,0,LOITER,739.917
368,736,14.453,34,14.98,0.07,0.07,NULL,NULL,281,-0.0107572,-1.36794,-0.00442421,3.85,37.5993723,126.8635742,NULL,NULL,0.02,0.04,-0.02,LOITER,741.931
369,738,14.432,33,15.56,0.16,0.16,NULL,NULL,281,-0.0232636,-1.36806,-0.0205546,3.83,37.5993732,126.863575,NULL,NULL,0,0.04,0,LOITER,743.947
370,740,14.443,33,15.75,0.09,0.09,NULL,NULL,281,-0.0186723,-1.37138,-0.0220264,3.83,37.5993735,126.8635756,NULL,NULL,0,0,0,LOITER,745.958
371,742,14.435,33,15.2,0.06,0.06,NULL,NULL,281,-0.0191174,-1.36977,-0.0149077,3.82,37.5993734,126.8635759,NULL,NULL,-0.03,-0.06,-0.02,LOITER,747.97
372,744,14.426,33,15.54,0.13,0.13,NULL,NULL,281,-0.0199121,-1.36879,-0.0162629,3.83,37.5993727,126.8635757,NULL,NULL,-0.05,-0.07,0,LOITER,749.983
373,746,14.405,33,14.94,0.13,0.13,NULL,NULL,281,-0.012309,-1.37454,-0.0111742,3.74,37.5993723,126.8635746,NULL,NULL,-0.02,-0.07,-0.27,LOITER,751.995
374,748,14.423,33,15.62,0.06,0.06,NULL,NULL,280,-0.00902391,-1.38178,0.00291696,3.65,37.5993718,126.8635739,NULL,NULL,-0.02,-0.01,0,LOITER,754.009
375,750,14.424,32,15.17,0.02,0.02,NULL,NULL,280,-0.0138403,-1.384,-0.00686904,3.67,37.5993722,126.863574,NULL,NULL,0.03,0,-0.04,LOITER,756.023
376,752,14.435,32,15,0.03,0.03,NULL,NULL,285,-0.00716351,-1.30102,0.00578493,3.62,37.5993718,126.863574,NULL,NULL,0.02,0,-0.01,LOITER,758.036
377,754,14.429,32,14.7,0.04,0.04,NULL,NULL,304,-0.00281981,-0.97171,-0.000225593,3.58,37.5993723,126.8635743,NULL,NULL,0.02,0.05,-0.03,LOITER,760.047
378,756,14.412,32,14.96,0.08,0.08,NULL,NULL,313,-0.00386667,-0.809462,-0.0115957,3.58,37.5993728,126.8635753,NULL,NULL,0.04,0.03,-0.01,LOITER,762.061
379,758,14.413,32,15.56,0.08,0.08,NULL,NULL,303,-0.0079766,-0.994369,0.00221671,3.59,37.5993724,126.8635742,NULL,NULL,-0.06,-0.04,-0.01,LOITER,764.074
380,760,14.41,32,15.41,0.14,0.14,NULL,NULL,302,-0.0061375,-0.997025,0.00344589,3.57,37.5993723,126.8635744,NULL,NULL,-0.01,-0.07,0,LOITER,766.089
381,762,14.406,31,15.07,0.15,0.15,NULL,NULL,303,0.00782877,-0.989316,0.0200942,3.54,37.5993731,126.8635725,NULL,NULL,0.08,-0.12,0.02,LOITER,768.102
382,764,14.411,31,15.28,0.04,0.04,NULL,NULL,303,-0.0248693,-0.990527,-0.0126419,3.54,37.599373,126.8635726,NULL,NULL,-0.02,-0.01,0.05,LOITER,770.124
383,766,14.41,31,15.27,0.09,0.09,NULL,NULL,303,-0.00685878,-0.990058,-0.0236824,3.56,37.5993732,126.8635724,NULL,NULL,0.04,-0.06,0,LOITER,772.138
384,768,14.406,31,15.55,0.06,0.06,NULL,NULL,303,-0.0208463,-0.985913,-0.0212683,3.58,37.599373,126.8635715,NULL,NULL,0.03,0,-0.02,LOITER,774.15
385,770,14.436,31,15.1,0.06,0.06,NULL,NULL,302,-0.0209933,-0.996403,0.00792259,3.68,37.5993717,126.86357,NULL,NULL,0.04,-0.02,0.24,LOITER,776.163
386,772,14.416,30,14.81,0.18,0.18,NULL,NULL,303,-0.0320417,-0.992783,-0.0225209,3.74,37.5993725,126.8635711,NULL,NULL,0.12,0.07,0,LOITER,778.173
387,774,14.399,30,15.38,0.06,0.06,NULL,NULL,303,-0.0189628,-0.992132,4.27747E-05,3.73,37.5993724,126.8635719,NULL,NULL,0.04,-0.02,0.04,LOITER,780.186
388,776,14.394,30,15.42,0.08,0.08,NULL,NULL,303,-0.0281837,-0.992177,0.0333491,3.7,37.5993728,126.8635719,NULL,NULL,0.19,0,0.06,LOITER,782.199
389,778,14.394,30,15.26,0.11,0.11,NULL,NULL,303,-0.00182426,-0.990448,-0.00671453,3.74,37.5993738,126.8635718,NULL,NULL,0.03,0.14,0.02,LOITER,784.212
390,780,14.387,30,15.03,0,0,NULL,NULL,303,-0.0215699,-0.990579,-0.0147275,3.73,37.5993731,126.8635742,NULL,NULL,-0.01,0.05,0.03,LOITER,786.226
391,782,14.393,30,15.23,0.06,0.06,NULL,NULL,303,-0.0213988,-0.985766,-0.00637134,3.76,37.5993731,126.8635746,NULL,NULL,0.08,0.07,0,LOITER,788.239
392,784,14.39,29,14.82,0.04,0.04,NULL,NULL,303,-0.0316528,-0.988896,-0.0109088,3.78,37.5993732,126.863575,NULL,NULL,-0.04,-0.02,0,LOITER,790.252
393,786,14.42,29,15.53,0.07,0.07,NULL,NULL,301,-0.0307272,-1.02898,-0.0330875,3.71,37.5993734,126.8635756,NULL,NULL,-0.03,-0.07,0.16,LOITER,792.271
394,788,14.383,29,15.41,0.11,0.11,NULL,NULL,300,-0.0146997,-1.03115,-0.051613,3.9,37.5993739,126.8635745,NULL,NULL,0.07,0,0,LOITER,794.285
395,790,14.372,29,15.04,0.33,0.33,NULL,NULL,301,-0.0601095,-1.02588,-0.0254153,3.88,37.5993726,126.8635792,NULL,NULL,-0.16,0.24,0.03,LOITER,796.299
396,792,14.384,29,15.41,0.17,0.17,NULL,NULL,301,-0.0326722,-1.02584,-0.0544526,3.88,37.5993703,126.8635806,NULL,NULL,-0.27,-0.06,0.04,LOITER,798.315
397,794,14.389,29,15.53,0.06,0.06,NULL,NULL,300,-0.0161496,-1.03115,-0.0140499,3.84,37.5993694,126.863579,NULL,NULL,0.03,0.02,0.07,LOITER,800.329
398,796,14.372,28,15.49,0.14,0.14,NULL,NULL,301,-0.00294138,-1.02807,-0.0247493,3.87,37.5993696,126.8635788,NULL,NULL,0.03,0.05,0.04,LOITER,802.344
399,798,14.362,28,15.09,0.07,0.07,NULL,NULL,295,-0.014914,-1.13304,-0.0246749,3.86,37.5993701,126.8635797,NULL,NULL,-0.05,0.01,0.04,LOITER,804.359
400,800,14.374,28,15.37,0.23,0.23,NULL,NULL,295,-0.0201225,-1.13154,-0.0638435,3.89,37.5993705,126.8635771,NULL,NULL,0.04,-0.07,0,LOITER,806.369
401,802,14.36,28,16.19,0.13,0.13,NULL,NULL,295,0.0308616,-1.13352,-0.0206412,3.89,37.5993698,126.8635735,NULL,NULL,0.05,0.03,0.13,LOITER,808.38
402,804,14.358,28,15.76,0.25,0.25,NULL,NULL,295,-0.0108482,-1.1337,0.000882631,4,37.5993686,126.8635748,NULL,NULL,-0.24,0,0.07,LOITER,810.393
403,806,14.371,27,14.85,0.1,0.1,NULL,NULL,295,-0.0206942,-1.13077,-0.0212694,4.03,37.5993667,126.8635757,NULL,NULL,-0.09,0.01,0.02,LOITER,812.406
404,808,14.322,27,16.86,0.06,0.06,NULL,NULL,295,-0.0356459,-1.13301,0.00234312,4.01,37.599366,126.863575,NULL,NULL,0.01,-0.01,0.26,LOITER,814.42
405,810,14.345,27,15.23,0.08,0.08,NULL,NULL,294,-0.0271436,-1.13603,-0.0184394,4.06,37.5993671,126.863576,NULL,NULL,0.02,0.04,0.04,LOITER,816.434
406,812,14.355,27,16.44,0.25,0.25,NULL,NULL,294,0.00315687,-1.13866,-0.0331014,4.1,37.5993685,126.8635762,NULL,NULL,0.06,-0.12,0.02,LOITER,818.448
407,814,14.343,27,15.65,0.11,0.11,NULL,NULL,294,0.0134789,-1.13717,-0.0373779,4.1,37.5993691,126.8635737,NULL,NULL,-0.03,-0.02,0,LOITER,820.461
408,816,14.371,27,14.3,0.07,0.07,NULL,NULL,294,0.0149299,-1.14897,-0.0138653,4.1,37.5993678,126.8635724,NULL,NULL,-0.07,0.05,0.06,LOITER,822.474
409,818,14.356,26,14.69,0.16,0.16,NULL,NULL,294,-0.0306587,-1.14708,-0.0313933,4.08,37.5993677,126.8635758,NULL,NULL,-0.1,0.07,-0.11,LOITER,824.489
410,820,14.34,26,15.27,0.2,0.2,NULL,NULL,294,-0.00691028,-1.14463,-0.0355189,4.06,37.5993688,126.8635771,NULL,NULL,-0.06,-0.11,0.05,LOITER,826.502
411,822,14.345,26,15.11,0.16,0.16,NULL,NULL,295,-0.00260483,-1.1327,-0.0190216,4.1,37.5993677,126.8635751,NULL,NULL,0,-0.06,0.02,LOITER,828.517
412,824,14.327,26,15.04,0.09,0.09,NULL,NULL,295,0.0174113,-1.12973,-0.0171233,4.1,37.5993677,126.8635743,NULL,NULL,0.06,-0.02,0.04,LOITER,830.53
413,826,14.331,26,15.56,0.05,0.05,NULL,NULL,295,0.00743531,-1.12571,-0.01861,4.11,37.5993671,126.8635732,NULL,NULL,-0.08,0,0,LOITER,832.544
414,828,14.329,26,15.78,0.15,0.15,NULL,NULL,295,-0.00672496,-1.12518,-0.0163885,4.13,37.5993673,126.863573,NULL,NULL,0.03,0.05,0,LOITER,834.557
415,830,14.315,25,15.98,0.06,0.06,NULL,NULL,295,0.00492381,-1.13003,0.00819062,4.11,37.599367,126.8635726,NULL,NULL,0,0,0.02,LOITER,836.57
416,832,14.319,25,15.59,0.18,0.18,NULL,NULL,294,-0.0482985,-1.13887,-0.0201051,4.1,37.5993676,126.8635737,NULL,NULL,0.11,-0.09,0.02,LOITER,838.586
417,834,14.315,25,15.15,0.1,0.1,NULL,NULL,294,0.0172123,-1.13417,0.00251602,4.14,37.5993685,126.8635707,NULL,NULL,0.01,-0.01,0,LOITER,840.599
418,836,14.303,25,15.55,0.08,0.08,NULL,NULL,295,-0.0054676,-1.12825,-0.0128195,4.16,37.5993686,126.8635715,NULL,NULL,0.05,0.07,-0.02,LOITER,842.612
419,838,14.307,25,15.21,0.73,0.73,NULL,NULL,294,0.0534257,-1.13996,-0.0292972,4.2,37.5993712,126.8635668,NULL,NULL,0.4,-0.83,-0.06,LOITER,844.622
420,840,14.301,25,15.31,0.08,0.08,NULL,NULL,294,-0.0140964,-1.14241,0.00128684,4.15,37.5993721,126.863562,NULL,NULL,-0.07,-0.08,0,LOITER,846.633
421,842,14.302,24,15.02,1.3,1.3,NULL,NULL,294,0.0711013,-1.14508,-0.021022,4.14,37.599379,126.8635491,NULL,NULL,0.52,-0.87,0,LOITER,848.648
422,844,14.293,24,15.39,0.07,0.07,NULL,NULL,294,-0.0106207,-1.13756,-0.00827263,4.13,37.5993819,126.8635452,NULL,NULL,0.05,-0.06,0,LOITER,850.66
423,846,14.286,24,13.75,0.07,0.07,NULL,NULL,295,-0.00946911,-1.13252,0.0124286,4.12,37.5993818,126.8635449,NULL,NULL,0,-0.01,-0.13,LAND,852.671
424,848,14.284,24,15.02,0.03,0.03,NULL,NULL,294,-0.00229759,-1.1399,-0.0117135,3.39,37.5993822,126.8635454,NULL,NULL,0,-0.06,-0.43,LAND,854.683
425,850,14.458,24,4.12,0.03,0.03,NULL,NULL,294,-0.014925,-1.1458,0.0456326,2.73,37.5993826,126.8635443,NULL,NULL,0.04,0,-0.01,LAND,856.697
426,852,14.538,24,0.61,0.03,0.03,NULL,NULL,294,-0.0147011,-1.14732,0.0465696,2.27,37.5993824,126.8635442,NULL,NULL,0,0,0.05,LOITER,858.71
427,854,14.581,21,0.6,0.03,0.03,NULL,NULL,294,-0.0141095,-1.14811,0.0477539,2.7,37.5993815,126.8635455,NULL,NULL,0.01,0,0.09,LOITER,860.723
428,856,14.602,21,0.6,0.01,0.01,NULL,NULL,294,-0.0130335,-1.14811,0.0486787,2.84,37.5993811,126.8635456,NULL,NULL,0.03,0.01,0.08,LOITER,862.736
429,858,14.62,21,0.6,0.02,0.02,NULL,NULL,294,-0.0124215,-1.14862,0.0487711,2.95,37.5993805,126.8635449,NULL,NULL,0.03,0.03,0.06,LOITER,864.752
430,860,14.644,21,0.6,0.03,0.03,NULL,NULL,294,-0.0130307,-1.14868,0.0486065,2.96,37.5993804,126.863545,NULL,NULL,0.04,0.04,0.04,LOITER,866.767
431,862,14.659,21,0.6,0.05,0.05,NULL,NULL,294,-0.012684,-1.14919,0.0486616,2.8,37.5993796,126.8635453,NULL,NULL,0.03,0.03,-0.02,LOITER,868.78
432,864,14.678,21,0.59,0.05,0.05,NULL,NULL,294,-0.0121787,-1.14986,0.048402,2.7,37.5993782,126.8635459,NULL,NULL,0.03,0.03,-0.06,LOITER,870.794
433,866,14.688,21,0.6,0.07,0.07,NULL,NULL,294,-0.0118819,-1.14996,0.0474143,2.65,37.5993774,126.8635473,NULL,NULL,0.03,0.03,-0.07,LOITER,872.809
434,868,14.698,21,0.6,0.92,0.92,NULL,NULL,132,-0.935765,2.26637,-1.9875,3.8,37.5993758,126.863555,NULL,NULL,-0.14,0.66,-0.06,LOITER,874.823
435,870,14.698,21,0.6,0.92,0.92,NULL,NULL,132,-0.935765,2.26637,-1.9875,3.8,37.5993758,126.863555,NULL,NULL,-0.14,0.66,-0.06,LOITER,876.836
436,872,14.698,21,0.6,0.92,0.92,NULL,NULL,132,-0.935765,2.26637,-1.9875,3.8,37.5993758,126.863555,NULL,NULL,-0.14,0.66,-0.06,LOITER,878.848
437,874,14.698,21,0.6,0.92,0.92,NULL,NULL,132,-0.935765,2.26637,-1.9875,3.8,37.5993758,126.863555,NULL,NULL,-0.14,0.66,-0.06,LOITER,880.863
438,876,14.698,21,0.6,0.92,0.92,NULL,NULL,132,-0.935765,2.26637,-1.9875,3.8,37.5993758,126.863555,NULL,NULL,-0.14,0.66,-0.06,LOITER,882.876
439,878,14.698,21,0.6,0.92,0.92,NULL,NULL,132,-0.935765,2.26637,-1.9875,3.8,37.5993758,126.863555,NULL,NULL,-0.14,0.66,-0.06,LOITER,884.891
440,880,14.698,21,0.6,0.92,0.92,NULL,NULL,132,-0.935765,2.26637,-1.9875,3.8,37.5993758,126.863555,NULL,NULL,-0.14,0.66,-0.06,LOITER,886.906
441,882,14.698,21,0.6,0.92,0.92,NULL,NULL,132,-0.935765,2.26637,-1.9875,3.8,37.5993758,126.863555,NULL,NULL,-0.14,0.66,-0.06,LOITER,888.92
442,884,14.698,21,0.6,0.92,0.92,NULL,NULL,132,-0.935765,2.26637,-1.9875,3.8,37.5993758,126.863555,NULL,NULL,-0.14,0.66,-0.06,LOITER,890.934
443,886,14.698,21,0.6,0.92,0.92,NULL,NULL,132,-0.935765,2.26637,-1.9875,3.8,37.5993758,126.863555,NULL,NULL,-0.14,0.66,-0.06,LOITER,892.947
444,888,14.698,21,0.6,0.92,0.92,NULL,NULL,132,-0.935765,2.26637,-1.9875,3.8,37.5993758,126.863555,NULL,NULL,-0.14,0.66,-0.06,LOITER,894.961
445,890,14.698,21,0.6,0.92,0.92,NULL,NULL,132,-0.935765,2.26637,-1.9875,3.8,37.5993758,126.863555,NULL,NULL,-0.14,0.66,-0.06,LOITER,896.973
446,892,14.698,21,0.6,0.92,0.92,NULL,NULL,132,-0.935765,2.26637,-1.9875,3.8,37.5993758,126.863555,NULL,NULL,-0.14,0.66,-0.06,LOITER,898.986
447,894,14.698,21,0.6,0.92,0.92,NULL,NULL,132,-0.935765,2.26637,-1.9875,3.8,37.5993758,126.863555,NULL,NULL,-0.14,0.66,-0.06,LOITER,900.997
448,896,14.698,21,0.6,0.92,0.92,NULL,NULL,132,-0.935765,2.26637,-1.9875,3.8,37.5993758,126.863555,NULL,NULL,-0.14,0.66,-0.06,LOITER,903.005
449,898,14.698,21,0.6,0.92,0.92,NULL,NULL,132,-0.935765,2.26637,-1.9875,3.8,37.5993758,126.863555,NULL,NULL,-0.14,0.66,-0.06,LOITER,905.015
