id,voltage,battery_remaining,current_drawn,ground_speed,air_speed,nav_roll,nav_pitch,nav_bearing,pitch,yaw,roll,alt,lat,lon,payload,distance_frm_home,velocity_x,velocity_y,velocity_z,mode,flight_time
272,16.441,96,0.59,0.01,0.01,NULL,NULL,301,-0.0233281,-1.02014,0.0297777,0.78,37.5994092,126.8635489,NULL,NULL,0.08,-0.03,0,LOITER,2.51565
273,16.44,96,0.59,0.04,0.04,NULL,NULL,301,-0.0229783,-1.02012,0.0296057,0.76,37.5994097,126.8635473,NULL,NULL,0.08,-0.04,0,LOITER,4.54691
274,16.44,96,0.59,0.01,0.01,NULL,NULL,301,-0.0221744,-1.02025,0.0293262,0.75,37.5994101,126.8635457,NULL,NULL,0.08,-0.02,-0.01,LOITER,6.57818
275,16.44,96,0.59,0.02,0.02,NULL,NULL,301,-0.0217395,-1.0203,0.0296385,0.77,37.5994108,126.8635446,NULL,NULL,0.06,-0.02,0,LOITER,8.59378
276,16.44,96,0.59,0.01,0.01,NULL,NULL,301,-0.0219514,-1.0201,0.0299749,0.79,37.5994116,126.8635436,NULL,NULL,0.06,-0.01,0,LOITER,10.6095
277,16.44,96,0.59,0.01,0.01,NULL,NULL,301,-0.0220277,-1.02043,0.0305251,0.84,37.5994121,126.8635428,NULL,NULL,0.08,-0.02,0.01,LOITER,12.6095
278,16.44,96,0.58,0.03,0.03,NULL,NULL,301,-0.0221094,-1.02049,0.0304959,0.86,37.5994126,126.8635423,NULL,NULL,0.08,-0.01,0.01,LOITER,14.6251
279,16.439,96,0.59,0.02,0.02,NULL,NULL,301,-0.021992,-1.02074,0.0300866,0.85,37.5994128,126.8635421,NULL,NULL,0.07,-0.01,0,LOITER,16.6251
280,16.439,96,0.59,0.03,0.03,NULL,NULL,301,-0.0219345,-1.02093,0.0298648,0.84,37.599413,126.8635418,NULL,NULL,0.07,-0.01,0,LOITER,18.6408
281,16.44,96,0.59,0.02,0.02,NULL,NULL,301,-0.0219701,-1.02091,0.0297237,0.85,37.5994131,126.8635417,NULL,NULL,0.07,-0.01,0,LOITER,20.6564
282,16.413,96,1.49,0.03,0.03,NULL,NULL,301,-0.0217706,-1.02103,0.0299454,-0.01,37.5994138,126.863541,NULL,NULL,0.09,-0.03,-0.01,LOITER,22.6564
283,15.795,96,21.04,0.02,0.02,NULL,NULL,301,0.0155299,-1.01684,0.0204743,-0.02,37.5994138,126.8635403,NULL,NULL,0.11,0,0.22,LOITER,24.672
284,15.763,96,21.66,0.01,0.01,NULL,NULL,301,-0.00908801,-1.02489,-0.00372483,1.68,37.5994139,126.8635418,NULL,NULL,0.1,-0.08,0.84,LOITER,26.6721
285,15.813,96,21.6,0.15,0.15,NULL,NULL,296,-0.0253772,-1.10925,0.0168508,2.33,37.5994124,126.8635416,NULL,NULL,0.16,-0.06,-0.32,LOITER,28.6877
286,15.66,96,21.71,0.14,0.14,NULL,NULL,286,-0.00839516,-1.29056,0.00827579,2.08,37.5994132,126.8635414,NULL,NULL,0.14,-0.11,0,LOITER,30.7033
287,15.667,95,20.72,0.12,0.12,NULL,NULL,303,-0.0203758,-0.987801,0.0130764,2.13,37.5994123,126.8635414,NULL,NULL,0.13,-0.02,-0.05,LOITER,32.7034
288,15.592,95,21.58,0.21,0.21,NULL,NULL,308,-0.0233446,-0.900074,0.0552076,2.08,37.5994136,126.8635439,NULL,NULL,0.38,0.12,0,LOITER,34.7034
289,15.555,95,21.57,0.11,0.11,NULL,NULL,308,-0.0635779,-0.902779,0.0142889,2.05,37.5994154,126.8635448,NULL,NULL,0.14,-0.14,0,LOITER,36.7189
290,15.552,95,21.52,0.08,0.08,NULL,NULL,318,-0.0232756,-0.725002,0.00861345,2.05,37.5994169,126.863542,NULL,NULL,0.18,-0.07,0.02,LOITER,38.719
291,15.429,94,22.69,0.1,0.1,NULL,NULL,358,-0.00779382,-0.0270092,0.0976219,2.04,37.5994174,126.8635441,NULL,NULL,0.18,0.24,0.02,LOITER,40.719
292,15.481,94,21.73,0.67,0.67,NULL,NULL,358,-0.035472,-0.0292511,-0.0315036,2.05,37.5994172,126.8635704,NULL,NULL,0.17,0.46,0.03,LOITER,42.7191
293,15.435,94,21.71,0.14,0.14,NULL,NULL,5,-0.0155489,0.103513,-0.0240999,2.06,37.5994176,126.8635743,NULL,NULL,0.21,0.01,0.01,LOITER,44.7191
294,15.414,94,21.95,0.04,0.04,NULL,NULL,49,-0.00127627,0.861445,0.163827,2.06,37.5994166,126.8635752,NULL,NULL,0.02,0.15,0,LOITER,46.7191
295,15.428,93,22.66,0.3,0.3,NULL,NULL,49,0.012687,0.860948,-0.124706,2.09,37.5994081,126.8635854,NULL,NULL,0.7,-0.44,0,LOITER,48.7191
296,15.349,93,21.28,0.11,0.11,NULL,NULL,48,-0.0855512,0.84845,-0.0528135,2.14,37.5994146,126.863579,NULL,NULL,0.49,0.02,-0.05,LOITER,50.7191
297,15.359,93,22.75,0.61,0.61,NULL,NULL,49,0.0940126,0.864212,0.00426286,2.19,37.5994233,126.8635856,NULL,NULL,0.36,0.14,-0.04,LOITER,52.7191
298,15.27,92,22.57,0.09,0.09,NULL,NULL,49,-0.00302131,0.865868,-0.0218588,2.61,37.5994235,126.8635863,NULL,NULL,0.12,0.05,0.37,LOITER,54.7348
299,15.391,92,19.57,0.02,0.02,NULL,NULL,49,0.00308775,0.863043,-0.0129357,3.39,37.5994242,126.8635874,NULL,NULL,0.07,-0.02,-0.07,LOITER,56.7503
300,15.318,92,21.42,0.02,0.02,NULL,NULL,35,-0.00171953,0.61249,-0.0119294,3.37,37.5994242,126.8635883,NULL,NULL,0.07,-0.02,-0.02,LOITER,58.766
301,15.281,92,21.17,0.11,0.11,NULL,NULL,325,-0.00636635,-0.600297,-0.0107435,3.45,37.5994244,126.8635871,NULL,NULL,0.08,-0.04,-0.08,LOITER,60.7851
302,15.248,91,21.82,0.1,0.1,NULL,NULL,311,0.000456591,-0.852059,0.00307422,3.37,37.5994256,126.863586,NULL,NULL,0.03,-0.01,0,LOITER,62.7852
303,15.245,91,21.26,0.9,0.9,NULL,NULL,311,-0.0587393,-0.851842,-0.025114,3.46,37.5994315,126.8635799,NULL,NULL,0.57,-0.63,-0.08,LOITER,64.8165
304,15.218,91,22.12,0.68,0.68,NULL,NULL,311,0.113055,-0.853288,-0.00590307,3.41,37.5994414,126.863564,NULL,NULL,0.28,-0.38,0.01,LOITER,66.8321
305,15.203,91,21.93,0.04,0.04,NULL,NULL,310,-0.0032123,-0.862982,0.00164441,3.5,37.5994423,126.8635637,NULL,NULL,-0.02,0,0.03,LOITER,68.8634
306,15.204,90,21.39,0.72,0.72,NULL,NULL,312,-0.0486347,-0.837134,-0.00128694,3.57,37.5994476,126.8635565,NULL,NULL,0.59,-0.61,-0.02,LOITER,70.8634
307,15.159,90,21.92,0.57,0.57,NULL,NULL,312,-0.150384,-0.83626,0.00882444,3.62,37.5994581,126.8635391,NULL,NULL,0.53,-0.48,-0.06,LOITER,72.8634
308,15.139,90,21.95,0.03,0.03,NULL,NULL,290,-0.018422,-1.2192,-0.00760916,3.48,37.5994631,126.8635336,NULL,NULL,0.05,-0.09,0.06,LOITER,74.8634
309,15.15,90,22.16,0,0,NULL,NULL,223,-0.00212479,-2.38189,0.00182161,3.51,37.5994628,126.8635327,NULL,NULL,0.01,-0.05,0.01,LOITER,76.879
310,15.149,89,22.51,0.53,0.53,NULL,NULL,225,0.00620644,-2.34638,-0.0169602,3.5,37.5994646,126.8635307,NULL,NULL,0.57,-0.6,0.02,LOITER,78.8947
311,15.091,89,22.2,2.38,2.38,NULL,NULL,225,0.00142406,-2.35074,-0.181128,3.58,37.5994839,126.8635074,NULL,NULL,1.4,-1.39,-0.01,LOITER,80.9259
312,15.137,89,19.73,0.19,0.19,NULL,NULL,225,0.00501187,-2.3405,-0.0279525,2.87,37.599494,126.8634951,NULL,NULL,-0.03,0.03,-0.56,LOITER,82.926
313,14.975,89,26.44,0.09,0.09,NULL,NULL,224,0.00681598,-2.36003,0.0068739,2.51,37.5994931,126.8634953,NULL,NULL,0,0.05,0.69,LOITER,84.9416
314,15.076,88,22.57,0.17,0.17,NULL,NULL,224,-0.00322445,-2.3705,-0.0239963,5.11,37.5994925,126.8634946,NULL,NULL,-0.01,0.12,1.14,LOITER,86.9572
315,15.045,88,23.1,0.18,0.18,NULL,NULL,217,-0.0178025,-2.48224,0.00962529,5.7,37.5994922,126.8634987,NULL,NULL,0.04,0.01,-0.05,LOITER,88.9573
316,15.16,88,21.39,0.15,0.15,NULL,NULL,198,0.0286238,-2.81605,0.00272046,5.07,37.5994916,126.8634989,NULL,NULL,0.07,-0.08,-0.95,LOITER,90.9885
317,14.949,88,23.57,0.14,0.14,NULL,NULL,194,0.0130327,-2.88784,-0.00489895,3.6,37.599491,126.8634972,NULL,NULL,0.09,-0.22,-0.56,LOITER,92.9885
318,15.043,87,21.74,0.1,0.1,NULL,NULL,151,0.00876593,2.64622,0.0033753,3.4,37.5994922,126.8634954,NULL,NULL,0,-0.04,-0.04,LOITER,95.0198
319,15.025,87,21.26,2.2,2.2,NULL,NULL,149,-0.15648,2.61667,0.00141842,3.33,37.599509,126.8634848,NULL,NULL,1.57,-0.92,0.06,LOITER,97.0354
320,15,87,22.36,0.39,0.39,NULL,NULL,149,-0.0461821,2.61009,0.0101303,3.45,37.5995262,126.8634786,NULL,NULL,-0.04,0.01,-0.02,LOITER,99.0511
321,14.979,86,21.68,0.35,0.35,NULL,NULL,149,-0.0171107,2.61265,-0.0137611,3.43,37.5995257,126.8634759,NULL,NULL,-0.24,-0.12,-0.05,LOITER,101.082
322,15.022,86,21.4,1.23,1.23,NULL,NULL,149,0.0019135,2.61284,0.0871753,3.44,37.599517,126.863462,NULL,NULL,-0.87,-1.04,-0.07,LOITER,103.098
323,14.974,86,23.08,1.14,1.14,NULL,NULL,149,0.0160803,2.61465,0.0676316,3.35,37.599505,126.8634398,NULL,NULL,-0.75,-1.23,0.06,LOITER,105.098
324,14.952,86,22.27,1.21,1.21,NULL,NULL,149,0.000881662,2.61647,0.0593833,3.4,37.5994932,126.8634124,NULL,NULL,-0.77,-1.34,0.01,LOITER,107.098
325,14.963,86,22.18,0.66,0.66,NULL,NULL,149,0.0500475,2.61427,-0.00447661,3.4,37.5994853,126.8633932,NULL,NULL,-0.16,-0.59,-0.01,LOITER,109.098
326,14.944,85,22.55,0.24,0.24,NULL,NULL,149,0.0745187,2.61524,-0.00042597,3.42,37.599487,126.8633842,NULL,NULL,0.54,-0.4,0,LOITER,111.114
327,14.955,85,22.19,0.66,0.66,NULL,NULL,149,-0.161911,2.61325,-0.0181589,3.43,37.5994863,126.863384,NULL,NULL,-0.86,0.57,-0.03,LOITER,113.114
328,14.928,85,21.11,2.57,2.57,NULL,NULL,149,-0.106234,2.61671,-0.00447959,3.43,37.5994525,126.8634126,NULL,NULL,-2.11,1.4,-0.04,LOITER,115.114
329,14.948,84,21.99,2.09,2.09,NULL,NULL,149,-0.141781,2.61381,-0.00857657,3.43,37.5994179,126.8634411,NULL,NULL,-2.02,1.24,-0.02,LOITER,117.114
330,14.937,84,22.08,1.13,1.13,NULL,NULL,149,0.0755319,2.61421,0.00519013,3.46,37.5993904,126.8634649,NULL,NULL,-0.62,0.33,0.01,LOITER,119.129
331,14.935,84,21.84,0.21,0.21,NULL,NULL,155,-0.0165467,2.72229,-0.00894066,4.83,37.5993894,126.8634646,NULL,NULL,-0.19,0.01,1.27,LOITER,121.129
332,14.995,84,19.22,0.1,0.1,NULL,NULL,154,-0.013482,2.70087,-0.0089512,6.14,37.5993886,126.8634635,NULL,NULL,-0.12,0.08,-0.42,LOITER,123.145
333,14.983,83,18.35,0.08,0.08,NULL,NULL,138,0.0133164,2.41163,0.00289291,5.18,37.5993883,126.8634651,NULL,NULL,-0.1,-0.01,-0.93,LOITER,125.161
334,14.808,83,26.61,0.08,0.08,NULL,NULL,115,0.00910192,2.01446,-0.00293924,3.7,37.5993879,126.8634658,NULL,NULL,-0.03,0,-0.45,LOITER,127.161
335,14.821,83,22.72,0.09,0.09,NULL,NULL,118,-0.0118519,2.07349,0.0101313,3.78,37.5993884,126.8634648,NULL,NULL,-0.09,-0.01,0.44,LOITER,129.161
336,14.933,83,21.36,0.05,0.05,NULL,NULL,110,-0.00273043,1.93034,0.00647078,3.36,37.5993888,126.8634631,NULL,NULL,-0.08,0.04,-0.79,LOITER,131.161
337,14.9,82,21.68,0.17,0.17,NULL,NULL,140,0.00254192,2.45004,-0.000681954,3.03,37.5993887,126.8634636,NULL,NULL,-0.09,0.06,-0.02,LOITER,133.161
338,14.868,82,22.97,0.04,0.04,NULL,NULL,174,-0.00283435,3.04641,0.136676,3.03,37.599388,126.8634623,NULL,NULL,-0.06,-0.52,-0.04,LOITER,135.176
339,14.871,82,22.04,0.07,0.07,NULL,NULL,174,-0.00805492,3.03782,-0.0027102,3.06,37.5993878,126.8634562,NULL,NULL,-0.05,0.06,-0.07,LOITER,137.176
340,14.747,82,23.07,0.16,0.16,NULL,NULL,176,-0.0159763,3.08275,-0.00550781,3.67,37.5993881,126.8634574,NULL,NULL,-0.07,-0.04,0.77,LOITER,139.176
341,14.752,81,26.1,0.14,0.14,NULL,NULL,178,-0.00906014,3.11803,-0.0131203,5.04,37.5993878,126.8634561,NULL,NULL,-0.06,0.03,0.98,LOITER,141.176
342,14.828,81,24.93,0.06,0.06,NULL,NULL,180,-0.00890395,-3.12967,-0.00274427,6.61,37.5993876,126.8634562,NULL,NULL,-0.05,0.07,0.66,LOITER,143.192
343,14.88,81,17.87,0.12,0.12,NULL,NULL,183,0.00763861,-3.08021,-0.00232375,7.82,37.5993866,126.8634564,NULL,NULL,-0.03,0.01,-0.23,LOITER,145.208
344,14.729,81,25.38,0.09,0.09,NULL,NULL,181,0.011699,-3.10994,0.000259128,7.26,37.5993867,126.8634572,NULL,NULL,0.03,0.03,0.03,LOITER,147.208
345,14.856,80,20.01,0.18,0.18,NULL,NULL,181,0.00832458,-3.11994,0.000329306,6.85,37.5993869,126.8634572,NULL,NULL,0.04,0,-0.67,LOITER,149.223
346,14.833,80,21.43,0.08,0.08,NULL,NULL,195,-0.00556657,-2.87298,0.00946878,6.62,37.599388,126.8634579,NULL,NULL,-0.02,0,-0.07,LOITER,151.223
347,14.843,80,17.73,0.11,0.11,NULL,NULL,194,-0.0115123,-2.88394,0.00147844,6.34,37.5993883,126.8634589,NULL,NULL,-0.06,-0.12,-0.74,LOITER,153.223
348,14.907,79,21.83,0.08,0.08,NULL,NULL,192,-0.0150933,-2.91586,-0.00786355,4.33,37.599388,126.8634576,NULL,NULL,-0.07,-0.06,-1.22,LOITER,155.239
349,14.719,79,25.63,0.09,0.09,NULL,NULL,220,-0.0370311,-2.43825,0.0105508,2.87,37.5993882,126.863459,NULL,NULL,-0.08,-0.01,0.18,LOITER,157.255
350,14.774,79,22.83,0.72,0.72,NULL,NULL,220,-0.015362,-2.42659,-0.22755,2.94,37.5993936,126.8634508,NULL,NULL,-0.14,0.04,-0.03,LOITER,159.27
351,14.739,79,23.7,0.76,0.76,NULL,NULL,220,-0.0424628,-2.42867,0.0181331,2.97,37.5993821,126.8634634,NULL,NULL,-0.95,-0.1,-0.03,LOITER,161.27
352,14.78,78,23.49,0.83,0.83,NULL,NULL,219,-0.00684942,-2.4601,-0.00224809,2.9,37.5993798,126.8634696,NULL,NULL,0.25,0.55,0.02,LOITER,163.286
353,14.754,78,22.97,0.96,0.96,NULL,NULL,215,-0.129698,-2.51501,0.0150793,2.83,37.5993917,126.8634868,NULL,NULL,0.48,0.47,0.06,LOITER,165.286
354,14.722,78,24.45,0.15,0.15,NULL,NULL,218,-0.0166123,-2.47492,-0.00762277,4.42,37.5993945,126.8634883,NULL,NULL,0,-0.06,1.37,LOITER,167.302
355,14.787,78,19.41,0.08,0.08,NULL,NULL,219,0.00282372,-2.457,-2.40E-06,6.51,37.5993941,126.8634876,NULL,NULL,-0.06,0.03,-0.06,LOITER,169.302
356,14.804,77,19.23,0.1,0.1,NULL,NULL,219,-0.0233186,-2.45882,0.0271375,6.25,37.5993942,126.8634888,NULL,NULL,-0.05,0,-0.43,LOITER,171.317
357,14.79,77,20.8,0.12,0.12,NULL,NULL,219,-0.0172967,-2.4454,-0.0121256,4.5,37.5993936,126.8634867,NULL,NULL,0.05,-0.09,-1.15,LOITER,173.317
358,14.731,77,25.47,0.09,0.09,NULL,NULL,219,-0.00668211,-2.44689,-0.0189257,3.3,37.5993925,126.863486,NULL,NULL,0.03,0.02,0.1,LOITER,175.333
359,14.715,77,22.94,0.19,0.19,NULL,NULL,224,0.0258992,-2.35773,0.01649,3.22,37.5993905,126.8634855,NULL,NULL,0.03,0.15,0.01,LOITER,177.333
360,14.702,76,23.98,0.19,0.19,NULL,NULL,235,-0.00652557,-2.17008,0.00498543,3.2,37.5993907,126.8634877,NULL,NULL,0.29,0.04,0.02,LOITER,179.333
361,14.686,76,23.4,0.11,0.11,NULL,NULL,235,-0.0210059,-2.17695,0.0222766,3.29,37.5993927,126.8634886,NULL,NULL,0.09,0.01,-0.01,LOITER,181.333
362,14.708,76,23.02,0.07,0.07,NULL,NULL,235,-0.0177155,-2.18133,-0.010711,3.27,37.599394,126.8634883,NULL,NULL,0.09,-0.06,-0.01,LOITER,183.333
363,14.711,75,22.78,0.13,0.13,NULL,NULL,234,-0.0127109,-2.18388,-0.00906013,3.22,37.5993945,126.8634873,NULL,NULL,0.02,-0.08,0,LOITER,185.333
364,14.717,75,22.8,0.08,0.08,NULL,NULL,234,-0.0117067,-2.18504,-0.0231568,3.22,37.5993946,126.8634871,NULL,NULL,-0.03,-0.03,0,LOITER,187.333
365,14.723,75,22.72,0.09,0.09,NULL,NULL,234,-0.00825148,-2.18291,0.0116995,3.2,37.599393,126.8634878,NULL,NULL,-0.06,0.01,0.04,LOITER,189.349
366,14.696,75,22.82,0.04,0.04,NULL,NULL,234,-0.0106938,-2.18464,-0.003007,3.25,37.5993931,126.8634871,NULL,NULL,-0.03,0,0,LOITER,191.349
367,14.688,74,21.96,0.1,0.1,NULL,NULL,234,-0.0148956,-2.18738,0.00276782,3.24,37.5993928,126.863487,NULL,NULL,0,0,0.01,LOITER,193.349
368,14.697,74,22.19,0.07,0.07,NULL,NULL,235,-0.0201477,-2.18086,0.00323623,3.24,37.5993938,126.8634879,NULL,NULL,0,-0.03,0,LOITER,195.364
369,14.697,74,22.41,0.08,0.08,NULL,NULL,234,-0.011794,-2.18266,-0.00039406,3.25,37.5993939,126.8634884,NULL,NULL,-0.03,-0.04,-0.01,LOITER,197.38
370,14.674,74,23.23,0.09,0.09,NULL,NULL,234,-0.0111387,-2.18206,0.000801631,3.24,37.5993934,126.863488,NULL,NULL,-0.01,-0.04,0,LOITER,199.38
371,14.62,73,24.9,0.11,0.11,NULL,NULL,234,-0.012497,-2.18218,-0.00964038,4,37.5993935,126.8634873,NULL,NULL,0,-0.03,0.58,LOITER,201.396
372,14.608,73,22.38,0.15,0.15,NULL,NULL,235,0.00123012,-2.17951,0.00825082,5.15,37.5993928,126.8634863,NULL,NULL,0,0.07,0.65,LOITER,203.411
373,14.657,73,22.66,0.06,0.06,NULL,NULL,234,-0.00165983,-2.18478,0.00240054,5.45,37.5993922,126.8634861,NULL,NULL,0.03,0.05,-0.05,LOITER,205.442
374,14.667,73,23.07,0.02,0.02,NULL,NULL,234,0.00431016,-2.18796,0.0108571,5.41,37.5993923,126.8634871,NULL,NULL,0,0.06,0,LOITER,207.458
375,14.65,72,21.69,0.24,0.24,NULL,NULL,234,0.00683464,-2.19122,-0.0209361,5.4,37.5993934,126.8634867,NULL,NULL,0.07,-0.07,0.01,LOITER,209.458
376,14.643,72,22.26,0.07,0.07,NULL,NULL,234,-0.00014591,-2.19138,-0.0124832,5.43,37.5993942,126.8634857,NULL,NULL,0.04,0.03,0,LOITER,211.458
377,14.66,72,22.68,0.12,0.12,NULL,NULL,234,-0.0211406,-2.1844,-0.0012832,5.4,37.5993938,126.8634877,NULL,NULL,-0.05,0.07,0,LOITER,213.458
378,14.674,71,20.6,0.06,0.06,NULL,NULL,241,-0.00901686,-2.07825,0.00198127,5.38,37.599393,126.8634884,NULL,NULL,0.02,-0.05,-0.17,LOITER,215.458
379,14.633,71,22.81,0.06,0.06,NULL,NULL,268,-0.011572,-1.61093,-0.00495401,5.33,37.5993934,126.8634877,NULL,NULL,-0.08,0,0,LOITER,217.474
380,14.639,71,22.71,0.95,0.95,NULL,NULL,281,-0.0187126,-1.37556,-0.177143,5.38,37.5993974,126.8634894,NULL,NULL,0.74,0.13,-0.04,LOITER,219.474
381,14.606,71,23.24,1.2,1.2,NULL,NULL,281,-0.0132872,-1.37082,0.200108,5.38,37.5993821,126.8634856,NULL,NULL,-0.31,-0.16,-0.07,LOITER,221.489
382,14.598,70,22.81,1.01,1.01,NULL,NULL,281,-0.0144769,-1.36163,-0.222475,5.3,37.5993879,126.8634865,NULL,NULL,0.22,0.05,0.03,LOITER,223.489
383,14.617,70,23.68,0.54,0.54,NULL,NULL,281,-0.113566,-1.36773,-0.0547445,5.33,37.5993818,126.8634797,NULL,NULL,-0.05,-0.99,0.03,LOITER,225.489
384,14.629,70,24,1.66,1.66,NULL,NULL,280,0.0943228,-1.38124,0.0104477,5.2,37.5993754,126.8634932,NULL,NULL,-0.54,1.95,0.13,LOITER,227.521
385,14.569,70,23.32,1.04,1.04,NULL,NULL,282,-0.0967765,-1.36198,0.00912224,5.23,37.5993674,126.8635314,NULL,NULL,-0.14,0.47,0.19,LOITER,229.521
386,14.647,69,19.3,0.23,0.23,NULL,NULL,286,-0.0375401,-1.27342,-0.00442383,6.61,37.5993677,126.8635352,NULL,NULL,0.17,0,0.42,LOITER,231.536
387,14.644,69,20.45,0.14,0.14,NULL,NULL,290,-0.0169663,-1.22448,-0.00329127,6.87,37.5993676,126.8635348,NULL,NULL,0.1,-0.13,-0.46,LOITER,233.552
388,14.59,69,21.22,0.06,0.06,NULL,NULL,294,-0.0339138,-1.15186,-0.00802818,5.28,37.5993669,126.8635321,NULL,NULL,0.06,-0.07,-0.64,LOITER,235.552
389,14.66,69,24.06,0.23,0.23,NULL,NULL,295,-0.0155485,-1.11758,-0.0164713,4.04,37.5993682,126.8635328,NULL,NULL,0.13,-0.01,-0.41,LOITER,237.552
390,14.589,68,24.5,0.22,0.22,NULL,NULL,296,-0.00332035,-1.11504,-0.00210903,3.33,37.5993682,126.8635327,NULL,NULL,0.07,-0.06,-0.38,LOITER,239.568
391,14.496,68,28.64,0.03,0.03,NULL,NULL,297,-0.00629908,-1.1002,-0.0069943,2.41,37.5993692,126.8635315,NULL,NULL,0,0.07,0.08,LOITER,241.577
392,14.513,68,24.18,0.11,0.11,NULL,NULL,298,-0.0303304,-1.0755,0.0173627,4.62,37.5993685,126.8635322,NULL,NULL,0.03,-0.01,1.36,LOITER,243.592
393,14.529,67,23.77,0.14,0.14,NULL,NULL,298,0.0088817,-1.07139,-0.0165794,7.16,37.599369,126.8635308,NULL,NULL,0.06,0.05,1.35,LOITER,245.608
394,14.626,67,19.51,0.07,0.07,NULL,NULL,299,0.00392117,-1.05658,-0.0114356,8.81,37.5993701,126.8635304,NULL,NULL,-0.02,0.06,-0.35,LOITER,247.624
395,14.567,67,22.37,0.06,0.06,NULL,NULL,299,-0.00459227,-1.05605,-0.0223691,8.75,37.5993697,126.8635306,NULL,NULL,-0.04,0.09,-0.01,LOITER,249.655
396,14.618,67,18.71,0.21,0.21,NULL,NULL,304,-0.0151945,-0.967379,0.00406098,8.48,37.5993683,126.8635305,NULL,NULL,0.06,0.1,-0.71,LOITER,251.686
397,14.658,66,21.87,0.06,0.06,NULL,NULL,304,-0.0164223,-0.964384,-0.00422534,6.65,37.5993688,126.8635327,NULL,NULL,-0.07,0.05,-1.04,LOITER,253.686
398,14.594,66,20.45,0.29,0.29,NULL,NULL,304,0.00979752,-0.961955,0.0256899,4.41,37.5993689,126.8635307,NULL,NULL,0.13,0.02,-1,LOITER,255.702
399,14.472,66,22.73,0.24,0.24,NULL,NULL,303,-0.0440286,-0.981974,0.0171341,3.55,37.5993671,126.8635311,NULL,NULL,0.09,0.07,0.17,LOITER,257.702
400,14.51,66,26.25,0.07,0.07,NULL,NULL,298,-0.0159576,-1.07958,0.0112113,3.59,37.5993655,126.8635324,NULL,NULL,0.2,0,0.61,LOITER,259.717
401,14.5,65,24.71,0.27,0.27,NULL,NULL,298,-0.0120665,-1.07927,0.00293509,6.02,37.5993669,126.8635322,NULL,NULL,0.22,-0.07,1.04,LOITER,261.717
402,14.465,65,23.06,0.14,0.14,NULL,NULL,300,0.00296347,-1.05473,-0.00511961,7.32,37.5993691,126.8635298,NULL,NULL,0.06,0.12,0.63,LOITER,263.717
403,14.602,65,19.75,0.07,0.07,NULL,NULL,301,-0.0126251,-1.01444,-0.00600568,8.26,37.59937,126.8635306,NULL,NULL,-0.02,0.09,-0.13,LOITER,265.717
404,14.569,64,19.94,0.03,0.03,NULL,NULL,302,-0.00774719,-1.00447,-0.0143603,7.95,37.5993704,126.8635322,NULL,NULL,-0.07,0.06,-0.52,LOITER,267.717
405,14.562,64,26.34,0.05,0.05,NULL,NULL,302,-0.0202808,-1.00291,-0.00254421,6.84,37.5993697,126.8635331,NULL,NULL,-0.05,-0.05,-0.42,LOITER,269.717
406,14.45,64,27.11,0.07,0.07,NULL,NULL,302,-0.00887821,-0.999582,-0.00424384,5.18,37.5993691,126.8635327,NULL,NULL,-0.05,0.02,-0.67,LOITER,271.733
407,14.453,64,23.77,0.08,0.08,NULL,NULL,298,-0.0297319,-1.06456,-0.0286292,4.45,37.5993699,126.8635334,NULL,NULL,-0.02,-0.07,0.09,LOITER,273.749
408,14.467,63,24.95,0.49,0.49,NULL,NULL,283,0.00714683,-1.34468,-0.129335,4.44,37.5993712,126.863531,NULL,NULL,0.29,0.07,0.02,LOITER,275.764
409,14.523,63,22.45,0.08,0.08,NULL,NULL,283,-0.00631249,-1.34248,0.0157138,4.47,37.5993661,126.8635282,NULL,NULL,0.08,0.12,-0.05,LOITER,277.78
410,14.514,63,23.64,0.81,0.81,NULL,NULL,282,0.00297389,-1.3439,-0.0517032,4.48,37.5993668,126.8635289,NULL,NULL,-0.95,-0.12,-0.01,LOITER,279.796
411,14.497,62,23.03,0.39,0.39,NULL,NULL,283,-0.0318764,-1.34275,0.0543354,4.41,37.5993463,126.8635266,NULL,NULL,-0.24,-0.05,0.04,LOITER,281.811
412,14.506,62,22.85,0.53,0.53,NULL,NULL,283,0.0316444,-1.3359,-0.000546336,4.37,37.5993467,126.8635217,NULL,NULL,0.16,-0.47,0.06,LOITER,283.811
413,14.497,62,22.25,0.93,0.93,NULL,NULL,282,-0.112712,-1.34929,-0.0527038,4.46,37.5993492,126.8635031,NULL,NULL,0.06,-0.9,-0.05,LOITER,285.827
414,14.489,62,22.56,1.33,1.33,NULL,NULL,295,0.0551233,-1.14413,0.076926,4.39,37.5993375,126.8634633,NULL,NULL,-0.32,-0.92,0.05,LOITER,287.827
415,14.495,61,22.72,0.8,0.8,NULL,NULL,300,-0.0179695,-1.03805,-0.0415449,4.45,37.5993437,126.8634606,NULL,NULL,0.8,0.26,0.01,LOITER,289.843
416,14.474,61,22.13,2.37,2.37,NULL,NULL,299,-0.0138947,-1.04939,-0.0416693,4.49,37.5993659,126.8634725,NULL,NULL,2.08,1.18,-0.02,LOITER,291.858
417,14.491,61,22.79,0.61,0.61,NULL,NULL,297,-0.0205837,-1.08418,-0.0818991,4.47,37.5993878,126.8634872,NULL,NULL,0.23,0.13,0.01,LOITER,293.858
418,14.397,61,19.22,0.07,0.07,NULL,NULL,297,-0.0308772,-1.0823,-0.0163378,5.33,37.5993881,126.8634894,NULL,NULL,-0.06,-0.06,0.68,LOITER,295.864
419,14.377,60,24.28,0.07,0.07,NULL,NULL,297,-0.0258914,-1.08469,-0.0127331,6.51,37.5993876,126.8634896,NULL,NULL,-0.01,-0.1,1.35,LOITER,297.867
420,14.42,60,22.58,0.03,0.03,NULL,NULL,299,0.00249879,-1.0527,0.0208176,8.43,37.5993864,126.8634894,NULL,NULL,0.08,-0.03,0.7,LOITER,299.867
421,14.545,60,24.29,0.2,0.2,NULL,NULL,299,0.0117953,-1.05408,0.00702561,9.07,37.5993867,126.8634903,NULL,NULL,0.16,-0.16,-0.13,LOITER,301.867
422,14.434,60,23.83,0.26,0.26,NULL,NULL,299,0.00483414,-1.05997,-0.0122388,9.1,37.5993874,126.863488,NULL,NULL,-0.07,0,0,LOITER,303.867
423,14.428,59,22.89,0.11,0.11,NULL,NULL,302,0.0139613,-0.999947,-0.00705709,9.03,37.5993872,126.8634858,NULL,NULL,0.02,0.16,-0.26,LOITER,305.867
424,14.383,59,22.8,0.1,0.1,NULL,NULL,303,-0.0180945,-0.977687,-0.0250008,8.61,37.5993873,126.8634883,NULL,NULL,0.01,0.1,-0.01,LOITER,307.867
425,14.415,59,22.03,0.07,0.07,NULL,NULL,303,-0.0114351,-0.982171,-0.0135004,8.37,37.599386,126.8634889,NULL,NULL,-0.02,0.01,0.01,LOITER,309.883
426,14.422,58,23.53,0.1,0.1,NULL,NULL,303,-0.0161901,-0.980851,0.186401,8.39,37.5993797,126.8634847,NULL,NULL,0.74,0.4,-0.06,LOITER,311.898
427,14.42,58,24.12,0.77,0.77,NULL,NULL,303,-0.0518912,-0.985934,-0.020328,8.33,37.5993911,126.8634867,NULL,NULL,0.74,-0.84,0.04,LOITER,313.93
428,14.428,58,22.98,1.16,1.16,NULL,NULL,304,0.11459,-0.976473,-0.0099612,8.28,37.599405,126.863462,NULL,NULL,0.47,-0.58,0.04,LOITER,315.961
429,14.419,58,22.34,0.33,0.33,NULL,NULL,304,-0.0774914,-0.971797,-0.0396355,8.39,37.5994089,126.8634498,NULL,NULL,0.07,-0.08,-0.06,LOITER,317.977
430,14.439,57,23.55,0.2,0.2,NULL,NULL,304,-0.169523,-0.97563,-0.0748713,8.31,37.5994096,126.8634407,NULL,NULL,-0.01,-0.64,0,LOITER,319.992
431,14.421,57,23.43,0.33,0.33,NULL,NULL,304,0.0284552,-0.977032,-0.060207,8.3,37.5994117,126.863435,NULL,NULL,0.16,0,0.06,LOITER,321.992
432,14.412,57,23.5,0.51,0.51,NULL,NULL,303,0.129919,-0.978679,0.00876638,8.22,37.599409,126.8634438,NULL,NULL,-0.3,0.54,0.14,LOITER,323.997
433,14.387,56,23.25,1.55,1.55,NULL,NULL,304,-0.134809,-0.977275,-0.0216111,8.25,37.5993976,126.86347,NULL,NULL,-0.55,1,0.07,LOITER,326.013
434,14.403,56,23.41,1.42,1.42,NULL,NULL,303,-0.127433,-0.981392,-0.0185979,8.33,37.5993879,126.863491,NULL,NULL,-0.36,0.61,0,LOITER,328.044
435,14.395,56,22.99,0.11,0.11,NULL,NULL,303,-0.00854424,-0.98353,-0.00294145,8.43,37.5993848,126.8634979,NULL,NULL,0,0.02,0.19,LOITER,330.06
436,14.398,56,21,0.04,0.04,NULL,NULL,303,-0.0116913,-0.985207,-0.0243611,8.21,37.5993854,126.8634984,NULL,NULL,0.01,-0.02,-0.55,LOITER,332.091
437,14.484,55,18.52,0.09,0.09,NULL,NULL,301,-0.00948796,-1.01581,0.00379876,7.64,37.5993846,126.8634974,NULL,NULL,0,-0.03,-0.97,LOITER,334.122
438,14.407,55,19.17,0.16,0.16,NULL,NULL,302,-0.000989631,-1.00872,-0.0143036,7.03,37.5993856,126.8634974,NULL,NULL,0.1,-0.01,-0.62,LOITER,336.122
439,14.462,55,19.69,0.09,0.09,NULL,NULL,302,-0.0144395,-1.01063,-0.016593,6.07,37.5993868,126.8634984,NULL,NULL,-0.02,-0.04,-0.41,LOITER,338.138
440,14.353,55,19.33,0.14,0.14,NULL,NULL,299,-0.0227068,-1.04803,-0.022468,4.96,37.5993861,126.8635002,NULL,NULL,0.02,-0.05,-0.68,LOITER,340.138
441,14.386,54,22.09,0.08,0.08,NULL,NULL,297,-0.0233005,-1.0845,-0.0233973,4.55,37.5993853,126.8635,NULL,NULL,0.46,0.11,0,LOITER,342.138
442,14.402,54,23.15,0.15,0.15,NULL,NULL,297,-0.019803,-1.08612,-0.00535496,4.58,37.5993876,126.8634989,NULL,NULL,0.13,-0.4,-0.05,LOITER,344.154
443,14.387,54,22.54,0.65,0.65,NULL,NULL,297,0.145968,-1.08397,-0.00349585,4.5,37.599384,126.863507,NULL,NULL,-0.5,1.02,0.01,LOITER,346.154
444,14.386,54,23.33,0.9,0.9,NULL,NULL,298,0.0243862,-1.08111,0.00611953,4.46,37.5993746,126.8635295,NULL,NULL,-0.41,0.88,0.08,LOITER,348.169
445,14.366,53,23.73,0.6,0.6,NULL,NULL,298,-0.111073,-1.08099,-0.0113807,4.53,37.5993696,126.8635439,NULL,NULL,-0.08,0.33,0.01,LOITER,350.201
446,14.379,53,23.35,0.3,0.3,NULL,NULL,297,-0.0599764,-1.08356,-0.0148869,4.58,37.5993683,126.8635471,NULL,NULL,-0.01,0.08,-0.04,LOITER,352.216
447,14.378,53,22.18,0.04,0.04,NULL,NULL,297,0.0132387,-1.08697,-0.00521615,4.6,37.5993679,126.8635487,NULL,NULL,-0.05,0.05,-0.06,LOITER,354.232
448,14.41,52,23.52,0.06,0.06,NULL,NULL,299,-0.0316118,-1.04771,-0.0193227,4.56,37.5993677,126.8635496,NULL,NULL,0.02,-0.05,0.21,LOITER,356.247
449,14.388,52,20.48,0.28,0.28,NULL,NULL,300,-0.0041961,-1.04264,0.00439843,5.64,37.5993677,126.8635481,NULL,NULL,0,-0.02,0.49,LOITER,358.247
450,14.371,52,21.86,0.07,0.07,NULL,NULL,300,-0.00845727,-1.04588,0.00574194,5.72,37.5993677,126.8635449,NULL,NULL,-0.09,0.08,0,LOITER,360.263
451,14.375,52,22.04,0.27,0.27,NULL,NULL,299,0.00326066,-1.04749,0.00280454,5.58,37.5993697,126.8635435,NULL,NULL,0.01,0.17,-0.32,LOITER,362.263
452,14.386,51,22.25,0.11,0.11,NULL,NULL,299,-0.0068732,-1.06046,-0.0237322,5.44,37.5993713,126.8635444,NULL,NULL,-0.11,0.22,-0.08,LOITER,364.279
453,14.362,51,23.02,0.12,0.12,NULL,NULL,299,-0.0253053,-1.06291,-0.0260272,5.41,37.5993709,126.8635462,NULL,NULL,-0.14,0.17,0,LOITER,366.279
454,14.4,51,24.75,0.11,0.11,NULL,NULL,297,-0.0370555,-1.09196,-0.00645466,5.24,37.5993685,126.8635475,NULL,NULL,-0.05,0.05,0.03,LOITER,368.279
455,14.341,51,23.38,0.08,0.08,NULL,NULL,297,-0.021186,-1.08942,-0.0240184,5.2,37.5993684,126.8635476,NULL,NULL,-0.06,-0.01,0.05,LOITER,370.279
456,14.345,50,23.19,0.07,0.07,NULL,NULL,297,-0.0115901,-1.0937,-0.0239525,5.25,37.5993682,126.8635464,NULL,NULL,0.02,0.01,0,LOITER,372.279
457,14.343,50,22.8,0.06,0.06,NULL,NULL,297,-0.0279949,-1.09274,-0.0119449,5.28,37.5993673,126.8635477,NULL,NULL,0.03,0.02,-0.03,LOITER,374.294
458,14.325,50,24.08,0.03,0.03,NULL,NULL,297,-0.0245539,-1.0947,-0.00515488,5.2,37.5993668,126.8635487,NULL,NULL,0.07,0,0.05,LOITER,376.326
459,14.33,49,23.59,0.02,0.02,NULL,NULL,297,-0.0269727,-1.09132,-0.00848386,5.22,37.599367,126.8635493,NULL,NULL,0.05,-0.09,0.02,LOITER,378.341
460,14.324,49,23.45,0.12,0.12,NULL,NULL,297,-0.0285871,-1.09623,-0.00843661,5.16,37.5993672,126.8635495,NULL,NULL,0.04,-0.14,0.05,LOITER,380.341
461,14.335,49,23.06,0.08,0.08,NULL,NULL,297,-0.0196101,-1.0975,-0.0170312,5.22,37.5993682,126.8635493,NULL,NULL,0.06,-0.05,-0.01,LOITER,382.341
462,14.347,49,23.22,0.13,0.13,NULL,NULL,297,-0.0209148,-1.09586,-0.00416193,5.2,37.5993686,126.8635488,NULL,NULL,-0.05,-0.11,0.05,LOITER,384.341
463,14.302,48,23.95,0.03,0.03,NULL,NULL,297,-0.0117701,-1.09561,-0.0160442,5.28,37.5993683,126.8635479,NULL,NULL,0.04,0,-0.01,LOITER,386.357
464,14.332,48,23.32,0.06,0.06,NULL,NULL,297,-0.0161356,-1.09757,-0.0149048,5.27,37.5993686,126.8635481,NULL,NULL,-0.02,-0.07,-0.02,LOITER,388.373
465,14.325,48,23.42,0.09,0.09,NULL,NULL,297,-0.0229992,-1.09446,-0.00180355,5.21,37.5993674,126.863548,NULL,NULL,0,0.01,0.03,LOITER,390.404
466,14.319,48,22.99,0.12,0.12,NULL,NULL,297,-0.029497,-1.0933,-0.005383,5.21,37.5993673,126.8635482,NULL,NULL,0.08,0,0.02,LOITER,392.404
467,14.295,47,23.86,0.08,0.08,NULL,NULL,297,-0.0253877,-1.0944,-0.00633401,5.16,37.5993675,126.8635486,NULL,NULL,0.03,-0.06,0.09,LOITER,394.404
468,14.315,47,23.12,0.05,0.05,NULL,NULL,297,-0.0301331,-1.09544,0.00289726,5.2,37.5993665,126.8635487,NULL,NULL,0.03,-0.09,0.05,LOITER,396.42
469,14.303,47,23.97,0.1,0.1,NULL,NULL,297,-0.0246525,-1.09711,-0.00584312,5.2,37.5993671,126.8635488,NULL,NULL,0.1,-0.04,0.06,LOITER,398.435
470,14.325,46,26.28,0.16,0.16,NULL,NULL,303,-0.0241643,-0.995651,-0.000641488,5.28,37.5993674,126.8635485,NULL,NULL,0.09,-0.1,0.15,LOITER,400.451
471,14.306,46,25.89,0.05,0.05,NULL,NULL,0,0.0131573,-0.0235222,-0.0189754,5.3,37.5993699,126.8635478,NULL,NULL,-0.04,0,0,LOITER,402.467
472,14.261,46,27.96,0.34,0.34,NULL,NULL,17,-0.00721617,0.301424,-0.0414446,4.51,37.5993672,126.8635482,NULL,NULL,-0.07,-0.03,-0.36,LOITER,404.482
473,14.323,46,22.76,0.16,0.16,NULL,NULL,21,-0.0228803,0.379612,-0.0294448,3.45,37.599364,126.8635473,NULL,NULL,0.19,-0.1,-0.72,LOITER,406.498
474,14.215,45,26.19,0.1,0.1,NULL,NULL,21,-0.0140668,0.38316,-0.028854,4.27,37.5993635,126.8635478,NULL,NULL,0.29,-0.01,1.42,LOITER,408.513
475,14.261,45,25.27,0.08,0.08,NULL,NULL,22,-0.0232092,0.387979,-0.00931858,7.14,37.5993636,126.8635466,NULL,NULL,0.32,0.02,1.34,LOITER,410.529
476,14.341,45,21.47,0.13,0.13,NULL,NULL,26,-0.00456112,0.453831,-0.0223703,8.39,37.5993648,126.863546,NULL,NULL,0.29,0.09,-0.45,LOITER,412.545
477,14.333,44,20.33,0.16,0.16,NULL,NULL,38,0.0129809,0.679615,-0.00261821,6.17,37.599367,126.8635463,NULL,NULL,0.1,0.11,-1.13,LOITER,414.56
478,14.262,44,23.81,0.22,0.22,NULL,NULL,41,0.0258541,0.726532,-0.0310401,4.11,37.599368,126.8635485,NULL,NULL,-0.04,0.06,-0.87,LOITER,416.592
479,14.185,44,28.57,0.02,0.02,NULL,NULL,42,-0.0185636,0.73623,-0.00531556,4.29,37.5993674,126.8635478,NULL,NULL,0.03,-0.06,1.09,LOITER,418.592
480,14.243,44,24.18,0.09,0.09,NULL,NULL,41,0.0258201,0.730048,-0.0426716,7.1,37.5993682,126.8635496,NULL,NULL,0,-0.08,1.19,LOITER,420.607
481,14.314,43,19.38,0.14,0.14,NULL,NULL,47,0.0258578,0.81535,0.0110034,7.55,37.5993695,126.8635486,NULL,NULL,0.01,-0.08,-0.72,LOITER,422.639
482,14.279,43,21.34,0.12,0.12,NULL,NULL,55,0.0323699,0.970396,-0.0507114,5.13,37.5993686,126.8635492,NULL,NULL,-0.11,-0.01,-1.24,LOITER,424.639
483,14.201,43,24.6,0.12,0.12,NULL,NULL,55,0.0252801,0.972015,-0.0111791,3.96,37.5993687,126.8635464,NULL,NULL,0,-0.09,0.23,LOITER,426.654
484,14.249,42,20.72,0.37,0.37,NULL,NULL,56,-0.0218163,0.987594,-0.0434706,5.52,37.599366,126.8635438,NULL,NULL,-0.05,0.03,1.17,LOITER,428.67
485,14.292,42,19.36,0.1,0.1,NULL,NULL,64,-0.0234088,1.12558,-0.0602446,7.76,37.5993632,126.8635431,NULL,NULL,0.18,0.19,0.28,LOITER,430.685
486,14.269,42,24.51,0.24,0.24,NULL,NULL,69,-0.00766926,1.21258,-0.0150927,7.68,37.5993657,126.8635436,NULL,NULL,0.21,0.19,-0.16,LOITER,432.685
487,14.222,42,24.16,0.21,0.21,NULL,NULL,83,0.0113016,1.44777,-0.0145648,6.34,37.5993676,126.8635469,NULL,NULL,0.04,0.12,-0.72,LOITER,434.701
488,14.284,41,25.53,0.12,0.12,NULL,NULL,85,0.015775,1.49087,-0.0147477,5.25,37.5993687,126.863549,NULL,NULL,-0.03,-0.01,-0.06,LOITER,436.701
489,14.213,41,26.79,0.16,0.16,NULL,NULL,69,0.0326623,1.22252,-0.026525,5.22,37.5993693,126.8635503,NULL,NULL,-0.04,-0.2,0.03,LOITER,438.701
490,14.254,41,23.66,0.08,0.08,NULL,NULL,85,0.0240518,1.48841,0.00827846,5.21,37.5993704,126.8635512,NULL,NULL,-0.15,-0.18,0.03,LOITER,440.717
491,14.258,41,23.38,0.52,0.52,NULL,NULL,85,0.019849,1.48997,-0.0617514,5.23,37.5993679,126.8635516,NULL,NULL,0.46,-0.19,0.01,LOITER,442.732
492,14.256,40,22.98,0.08,0.08,NULL,NULL,70,0.0168583,1.13871,-0.0271881,5.2,37.5993741,126.8635512,NULL,NULL,-0.17,-0.25,0,LOITER,444.732
493,14.236,40,23.37,0.19,0.19,NULL,NULL,355,-0.0214071,-0.0191605,-0.0161427,5.2,37.5993725,126.8635486,NULL,NULL,-0.13,-0.14,-0.05,LOITER,446.732
494,14.279,40,23.95,0.1,0.1,NULL,NULL,312,-0.0350411,-0.837633,0.140499,5.17,37.5993711,126.8635486,NULL,NULL,0.31,0.18,-0.01,LOITER,448.748
495,14.237,39,23.26,0.11,0.11,NULL,NULL,312,-0.112217,-0.83394,-0.00856122,5.15,37.5993754,126.8635505,NULL,NULL,0.37,-0.32,0.02,LOITER,450.764
496,14.242,39,23.65,0.36,0.36,NULL,NULL,316,0.0075941,-0.786981,-0.0122308,5.1,37.5993833,126.8635394,NULL,NULL,0.06,-0.09,0.07,LOITER,452.764
497,14.176,39,21.19,0.16,0.16,NULL,NULL,336,-0.0251353,-0.387568,0.0137308,5.4,37.5993838,126.8635372,NULL,NULL,0.06,-0.03,0.11,LOITER,454.764
498,14.233,39,27.98,0.05,0.05,NULL,NULL,359,-0.0306672,-0.0222611,-0.0150297,5.85,37.5993831,126.8635378,NULL,NULL,0.07,0.05,0.83,LOITER,456.764
499,14.233,38,23.57,0.19,0.19,NULL,NULL,13,-0.0118492,0.240433,-0.00107938,5.96,37.5993828,126.8635364,NULL,NULL,0.03,-0.01,-0.17,LOITER,458.764
500,14.257,38,22.35,0.15,0.15,NULL,NULL,16,-0.00589615,0.282226,-0.0279147,5.09,37.5993835,126.8635373,NULL,NULL,-0.03,0.09,-0.5,LOITER,460.764
501,14.159,38,24.59,0.12,0.12,NULL,NULL,20,-0.000383577,0.363325,-0.020542,5.27,37.599384,126.863539,NULL,NULL,0.06,0,0.56,LOITER,462.779
502,14.162,37,28.6,0.06,0.06,NULL,NULL,27,-0.00585292,0.468148,-0.0156225,6.56,37.5993843,126.8635393,NULL,NULL,-0.03,-0.07,0.94,LOITER,464.795
503,14.229,37,25.69,0.13,0.13,NULL,NULL,46,-0.00361077,0.810156,-0.024223,6.68,37.5993833,126.863538,NULL,NULL,0.01,-0.04,-0.16,LOITER,466.811
504,14.241,37,28.08,0.14,0.14,NULL,NULL,53,0.0197193,0.931336,-0.00466738,5.25,37.5993842,126.8635385,NULL,NULL,0.03,0.05,-0.47,LOITER,468.811
505,14.181,37,20.52,0.11,0.11,NULL,NULL,53,0.0297706,0.931025,-0.0243893,5.05,37.5993842,126.8635402,NULL,NULL,-0.03,-0.14,-0.13,LOITER,470.811
506,14.201,36,23.47,0.04,0.04,NULL,NULL,53,0.0126949,0.930898,-0.0209131,4.38,37.5993849,126.8635406,NULL,NULL,-0.09,-0.16,0.13,LOITER,472.811
507,14.234,36,23.22,0.12,0.12,NULL,NULL,58,0.0335639,1.02498,-0.024925,5.17,37.5993856,126.8635415,NULL,NULL,-0.1,-0.2,0.46,LOITER,474.811
508,14.139,36,27.25,0.16,0.16,NULL,NULL,68,-0.000293931,1.19193,-0.022633,6.43,37.5993852,126.8635401,NULL,NULL,-0.1,-0.18,0.72,LOITER,476.826
509,14.118,36,21.21,0.18,0.18,NULL,NULL,71,-0.00318901,1.25516,-0.0306272,7.06,37.5993844,126.8635384,NULL,NULL,-0.13,-0.05,0.66,LOITER,478.826
510,14.173,35,25.1,0.06,0.06,NULL,NULL,71,0.0172755,1.25735,-0.0224112,7.19,37.5993845,126.8635372,NULL,NULL,-0.05,0.04,0.33,LOITER,480.826
511,14.189,35,23.74,0.27,0.27,NULL,NULL,71,0.0270454,1.24631,-0.0132647,7.75,37.5993841,126.8635373,NULL,NULL,-0.03,0.02,-0.03,LOITER,482.826
512,14.196,35,24.1,0.1,0.1,NULL,NULL,71,0.0157408,1.25155,-0.0352265,7.79,37.5993847,126.8635402,NULL,NULL,-0.09,-0.07,-0.02,LOITER,484.826
513,14.18,34,24.01,0.08,0.08,NULL,NULL,71,0.00229015,1.25074,-0.0266146,7.8,37.5993851,126.8635398,NULL,NULL,-0.05,-0.16,-0.01,LOITER,486.842
514,14.168,34,23.97,0.07,0.07,NULL,NULL,71,0.000671249,1.24582,-0.0205108,7.73,37.5993852,126.8635383,NULL,NULL,-0.08,0,0.02,LOITER,488.842
515,14.168,34,23.83,0.17,0.17,NULL,NULL,71,-0.0100004,1.25357,-0.0164899,7.78,37.5993845,126.8635375,NULL,NULL,-0.07,-0.01,0.01,LOITER,490.842
516,14.164,34,23.5,0.22,0.22,NULL,NULL,71,-0.0219075,1.25429,-0.0125801,7.83,37.5993841,126.8635357,NULL,NULL,-0.01,0,-0.05,LOITER,492.858
517,14.18,33,23.46,0.02,0.02,NULL,NULL,71,-0.00618594,1.25599,0.00940681,7.79,37.5993848,126.8635356,NULL,NULL,-0.03,0.14,-0.01,LOITER,494.873
518,14.176,33,23.1,0.06,0.06,NULL,NULL,72,-0.0080138,1.25688,-0.0276897,7.68,37.599384,126.863537,NULL,NULL,-0.02,0.09,0.09,LOITER,496.889
519,14.121,33,25.66,0.09,0.09,NULL,NULL,73,-0.0188746,1.27612,-0.00816761,7.95,37.5993833,126.8635371,NULL,NULL,-0.01,0.09,0.35,LOITER,498.889
520,14.181,33,21.53,0.09,0.09,NULL,NULL,122,0.00702882,2.13818,-0.0223694,7.96,37.5993828,126.8635379,NULL,NULL,0.03,0.03,-0.16,LOITER,500.905
521,14.095,32,24.62,0.09,0.09,NULL,NULL,125,-0.0101691,2.19188,0.00953023,6.33,37.5993848,126.8635379,NULL,NULL,0.01,-0.02,-0.69,LOITER,502.905
522,14.129,32,26.54,0.05,0.05,NULL,NULL,135,0.00424518,2.37386,-0.00348112,4.15,37.5993853,126.8635375,NULL,NULL,-0.04,-0.07,-0.64,LOITER,504.929
523,14.088,32,28.05,0.11,0.11,NULL,NULL,138,0.0161299,2.41105,-0.00655175,4.66,37.5993853,126.863538,NULL,NULL,-0.12,-0.01,1.28,LOITER,506.945
524,14.134,31,23.62,0.04,0.04,NULL,NULL,150,0.00248454,2.61563,-0.0179263,6.91,37.5993857,126.8635373,NULL,NULL,-0.11,0,0.94,LOITER,508.945
525,14.18,31,20.46,0.04,0.04,NULL,NULL,183,0.0154385,-3.09351,-0.0338852,7.26,37.5993854,126.8635361,NULL,NULL,-0.11,0.19,-0.76,LOITER,510.96
526,14.205,31,23.05,0.05,0.05,NULL,NULL,204,-0.00331011,-2.71511,-0.020521,5.01,37.5993858,126.8635376,NULL,NULL,-0.07,0.01,-1.01,LOITER,512.96
527,14.087,31,21.89,0.07,0.07,NULL,NULL,209,0.00495828,-2.63583,-0.0214806,3.8,37.5993854,126.8635367,NULL,NULL,-0.05,0.04,-0.31,LOITER,514.96
528,14.085,30,28.5,0.05,0.05,NULL,NULL,210,0.0161115,-2.60546,0.00922156,3.85,37.5993836,126.8635379,NULL,NULL,0.05,0.06,0.46,LOITER,516.96
529,14.092,30,25.14,0.05,0.05,NULL,NULL,213,0.00525359,-2.55884,-0.0215274,6.23,37.599384,126.8635383,NULL,NULL,-0.07,0.06,1.36,LOITER,518.96
530,14.08,30,25.85,0.15,0.15,NULL,NULL,214,-0.00743262,-2.54029,-0.0191634,8.59,37.5993851,126.8635397,NULL,NULL,-0.06,-0.12,1.3,LOITER,520.961
531,14.086,29,27.08,0.09,0.09,NULL,NULL,226,0.00983008,-2.33585,-0.0096754,9.14,37.599385,126.863539,NULL,NULL,0,-0.02,0.02,LOITER,522.961
532,14.139,29,24.47,0.09,0.09,NULL,NULL,226,-0.0116662,-2.33134,-0.0181174,8.55,37.5993859,126.86354,NULL,NULL,-0.1,-0.04,-0.07,LOITER,524.961
533,14.169,29,19.11,0.3,0.3,NULL,NULL,230,0.00656958,-2.26047,0.014917,7.65,37.599384,126.8635404,NULL,NULL,-0.03,-0.11,-1.35,LOITER,526.961
534,14.039,29,27.93,0.18,0.18,NULL,NULL,234,0.00688191,-2.19834,0.012481,5.46,37.5993819,126.8635381,NULL,NULL,0,0.01,-0.35,LOITER,528.976
535,14.097,28,21.56,0.19,0.19,NULL,NULL,233,0.0234071,-2.20083,0.00542391,4.8,37.5993809,126.8635366,NULL,NULL,0.24,0.01,-0.46,LOITER,530.992
536,14.027,28,27.23,0.23,0.23,NULL,NULL,239,0.0113667,-2.04406,-0.0296108,4.22,37.5993834,126.8635349,NULL,NULL,0.15,0.06,0.02,LOITER,532.992
537,14.018,28,21.76,0.05,0.05,NULL,NULL,243,0.0139682,-2.02965,-0.0169265,4.7,37.5993845,126.8635364,NULL,NULL,-0.02,0,0.48,LOITER,534.992
538,14.002,27,26.99,0.14,0.14,NULL,NULL,243,0.00830063,-2.02661,-0.0196622,5.86,37.5993849,126.8635381,NULL,NULL,-0.01,0.05,0.79,LOITER,536.992
539,13.979,27,22.94,0.17,0.17,NULL,NULL,247,0.00755384,-1.95067,-0.0307307,7.31,37.5993846,126.8635394,NULL,NULL,-0.04,-0.01,0.87,LOITER,539.008
540,14.055,27,24.94,0.2,0.2,NULL,NULL,251,-0.0230585,-1.9025,-0.00214422,8.11,37.5993838,126.8635421,NULL,NULL,-0.17,0.05,-0.25,LOITER,541.023
541,14,26,25.14,0.13,0.13,NULL,NULL,231,-0.0048915,-2.235,-0.00634605,8.01,37.5993836,126.8635413,NULL,NULL,0.01,-0.17,0.02,LOITER,543.039
542,14.019,26,22.9,0.14,0.14,NULL,NULL,232,-0.00917693,-2.23222,-0.00320689,7.16,37.5993849,126.8635391,NULL,NULL,-0.01,-0.08,-0.77,LOITER,545.054
543,14.015,26,25.86,0.11,0.11,NULL,NULL,232,-0.00980688,-2.23443,-0.00570809,5.83,37.5993849,126.863538,NULL,NULL,-0.08,-0.04,-0.61,LOITER,547.086
544,14.042,26,22.55,0.07,0.07,NULL,NULL,233,-0.0146531,-2.20129,-0.0155513,5.37,37.5993846,126.8635376,NULL,NULL,0.03,0.02,-0.13,LOITER,549.086
545,13.965,25,28.33,0.16,0.16,NULL,NULL,234,0.0132267,-2.20099,0.00999686,4.69,37.5993833,126.8635376,NULL,NULL,-0.12,0.05,-0.14,LOITER,551.101
546,14.001,25,24.28,0.18,0.18,NULL,NULL,232,0.010622,-2.21688,-0.0203257,4.56,37.5993839,126.8635365,NULL,NULL,0.07,-0.03,0.12,LOITER,553.117
547,13.993,25,25.89,0.11,0.11,NULL,NULL,233,-0.0108302,-2.20847,-0.0268022,4.89,37.5993858,126.8635373,NULL,NULL,-0.03,0.01,0.37,LOITER,555.133
548,13.971,25,26.26,0.08,0.08,NULL,NULL,233,0.0130128,-2.20985,-0.0197775,5.5,37.5993857,126.8635386,NULL,NULL,-0.13,-0.01,0.13,LOITER,557.133
549,13.993,24,21.51,0.12,0.12,NULL,NULL,233,-0.00508435,-2.20678,-0.0260385,7.58,37.5993855,126.8635399,NULL,NULL,-0.13,0.01,0.92,LOITER,559.133
550,13.892,24,30.17,0.11,0.11,NULL,NULL,233,0.00599859,-2.20323,0.000138972,8.48,37.5993836,126.8635395,NULL,NULL,0,-0.04,0.84,LOITER,561.133
551,13.931,24,22.41,0.12,0.12,NULL,NULL,237,0.0173624,-2.13451,0.00304549,8.67,37.5993827,126.8635378,NULL,NULL,0,0,-0.28,LOITER,563.148
552,13.861,23,27.17,0.11,0.11,NULL,NULL,242,-0.00307901,-2.05746,-0.00963936,8.05,37.5993836,126.8635376,NULL,NULL,0.02,0.01,0.1,LOITER,565.164
553,13.996,23,24.95,0.04,0.04,NULL,NULL,251,0.00529226,-1.88512,-0.0146147,7.42,37.5993845,126.8635375,NULL,NULL,0.01,0,-0.81,LOITER,567.164
554,13.867,23,22.89,0.06,0.06,NULL,NULL,254,-0.00394216,-1.83691,-0.00183697,5.55,37.5993839,126.8635382,NULL,NULL,0,0,-0.83,LOITER,569.164
555,13.852,22,27.78,0.07,0.07,NULL,NULL,258,0.0192856,-1.77678,-0.0317651,4.57,37.5993851,126.8635381,NULL,NULL,-0.02,-0.01,-0.34,LOITER,571.18
556,13.797,22,24.68,0.12,0.12,NULL,NULL,259,-0.00450296,-1.75992,-0.0177524,4,37.5993845,126.8635386,NULL,NULL,-0.09,0.01,0.12,LOITER,573.18
557,13.749,22,29.53,0.07,0.07,NULL,NULL,259,-0.00325131,-1.74915,-0.00209763,4.79,37.5993828,126.8635393,NULL,NULL,-0.01,-0.07,1.1,LOITER,575.18
558,13.705,22,30.53,0.05,0.05,NULL,NULL,259,0.015419,-1.753,0.0136992,5.44,37.5993825,126.8635384,NULL,NULL,0.09,-0.01,1.3,GUIDED,577.18
559,13.838,21,20.88,1.73,1.73,NULL,NULL,259,-0.0220296,-1.75059,-0.147907,6.45,37.5993963,126.8635387,NULL,NULL,1.59,-0.05,-0.82,GUIDED,579.18
560,13.797,21,22.16,0.45,0.45,NULL,NULL,260,-0.000603095,-1.74416,-0.0323107,5.79,37.5994082,126.863539,NULL,NULL,0.38,0.02,-0.21,LAND,581.188
561,13.797,21,23.24,0.22,0.22,NULL,NULL,260,0.011487,-1.73821,-0.0371694,4.95,37.5994117,126.8635392,NULL,NULL,0.2,0.04,-0.42,LAND,583.188
562,13.779,20,20.57,0.16,0.16,NULL,NULL,262,0.0236559,-1.70042,-0.00719098,4.59,37.599412,126.8635391,NULL,NULL,-0.02,-0.07,0.03,LOITER,585.188
563,13.79,20,22.12,0.01,0.01,NULL,NULL,262,0.0123093,-1.6975,0.00569018,4.83,37.5994113,126.8635394,NULL,NULL,0.02,-0.01,-0.06,LOITER,587.188
564,13.69,20,24.04,0.12,0.12,NULL,NULL,262,0.00220659,-1.69874,-0.0186096,4.81,37.5994125,126.8635395,NULL,NULL,0.03,-0.01,0.04,LOITER,589.204
565,13.707,20,22.73,0.04,0.04,NULL,NULL,262,0.00130647,-1.70046,-0.0119537,4.52,37.5994128,126.8635409,NULL,NULL,0.02,0,-0.39,LAND,591.204
566,13.666,19,23.4,0.09,0.09,NULL,NULL,262,0.00334058,-1.69461,-0.00942325,3.69,37.5994132,126.8635415,NULL,NULL,0,-0.02,-0.46,LAND,593.235
567,13.597,19,24.43,0.09,0.09,NULL,NULL,262,0.00209617,-1.69797,-0.0116276,2.63,37.5994128,126.8635403,NULL,NULL,-0.04,-0.03,-0.42,LAND,595.267
568,14.012,19,3.2,0.02,0.02,NULL,NULL,262,0.000320115,-1.69718,0.0108358,2.03,37.5994126,126.8635401,NULL,NULL,0.01,0,0,LAND,597.282
569,14.232,19,0.62,0.01,0.01,NULL,NULL,262,0.0014735,-1.69978,0.0112141,1.69,37.5994115,126.8635421,NULL,NULL,0.01,-0.01,0.08,LOITER,599.298
570,14.297,19,0.61,0.02,0.02,NULL,NULL,262,0.00313883,-1.7003,0.0120477,2.1,37.5994106,126.8635429,NULL,NULL,0.02,0.01,0.12,LOITER,601.298
571,14.364,19,0.6,0.01,0.01,NULL,NULL,262,0.00398607,-1.70043,0.012463,2.3,37.5994094,126.8635444,NULL,NULL,0.03,0.03,0.11,LOITER,603.314
572,14.401,19,0.61,0.03,0.03,NULL,NULL,262,0.00472648,-1.70091,0.01226,2.36,37.5994087,126.8635458,NULL,NULL,0.04,0.04,0.08,LOITER,605.314
573,14.43,19,0.6,0.03,0.03,NULL,NULL,262,0.00413713,-1.70159,0.0128732,2.31,37.5994077,126.8635464,NULL,NULL,0.04,0.05,0.01,LOITER,607.314
574,14.464,19,0.61,0.04,0.04,NULL,NULL,262,0.00389649,-1.70235,0.0130477,2.14,37.5994079,126.8635472,NULL,NULL,0.03,0.04,-0.04,LOITER,609.329
575,14.482,19,0.61,0,0,NULL,NULL,262,0.00368856,-1.70294,0.0134602,2.08,37.5994083,126.8635472,NULL,NULL,0.04,0.04,-0.07,LOITER,611.329
576,14.507,19,0.6,0.03,0.03,NULL,NULL,262,0.00496458,-1.70436,0.0127134,2.05,37.5994083,126.8635466,NULL,NULL,0.04,0.03,-0.06,LOITER,613.329
577,14.52,19,0.6,0.15,0.15,NULL,NULL,277,-0.179752,-1.48076,-0.667085,2.45,37.5994093,126.8635446,NULL,NULL,-0.25,0.23,0.7,LOITER,615.345
578,14.52,19,0.6,0.15,0.15,NULL,NULL,277,-0.179752,-1.48076,-0.667085,2.45,37.5994093,126.8635446,NULL,NULL,-0.25,0.23,0.7,LOITER,617.345
579,14.52,19,0.6,0.15,0.15,NULL,NULL,277,-0.179752,-1.48076,-0.667085,2.45,37.5994093,126.8635446,NULL,NULL,-0.25,0.23,0.7,LOITER,619.36
580,14.52,19,0.6,0.15,0.15,NULL,NULL,277,-0.179752,-1.48076,-0.667085,2.45,37.5994093,126.8635446,NULL,NULL,-0.25,0.23,0.7,LOITER,621.392
581,14.52,19,0.6,0.15,0.15,NULL,NULL,277,-0.179752,-1.48076,-0.667085,2.45,37.5994093,126.8635446,NULL,NULL,-0.25,0.23,0.7,LOITER,623.392
582,14.52,19,0.6,0.15,0.15,NULL,NULL,277,-0.179752,-1.48076,-0.667085,2.45,37.5994093,126.8635446,NULL,NULL,-0.25,0.23,0.7,LOITER,625.392
583,14.52,19,0.6,0.15,0.15,NULL,NULL,277,-0.179752,-1.48076,-0.667085,2.45,37.5994093,126.8635446,NULL,NULL,-0.25,0.23,0.7,LOITER,627.407
584,14.52,19,0.6,0.15,0.15,NULL,NULL,277,-0.179752,-1.48076,-0.667085,2.45,37.5994093,126.8635446,NULL,NULL,-0.25,0.23,0.7,LOITER,629.407
585,14.52,19,0.6,0.15,0.15,NULL,NULL,277,-0.179752,-1.48076,-0.667085,2.45,37.5994093,126.8635446,NULL,NULL,-0.25,0.23,0.7,LOITER,631.423
586,14.52,19,0.6,0.15,0.15,NULL,NULL,277,-0.179752,-1.48076,-0.667085,2.45,37.5994093,126.8635446,NULL,NULL,-0.25,0.23,0.7,LOITER,633.439
587,14.52,19,0.6,0.15,0.15,NULL,NULL,277,-0.179752,-1.48076,-0.667085,2.45,37.5994093,126.8635446,NULL,NULL,-0.25,0.23,0.7,LOITER,635.47
588,14.52,19,0.6,0.15,0.15,NULL,NULL,277,-0.179752,-1.48076,-0.667085,2.45,37.5994093,126.8635446,NULL,NULL,-0.25,0.23,0.7,LOITER,637.486
589,14.52,19,0.6,0.15,0.15,NULL,NULL,277,-0.179752,-1.48076,-0.667085,2.45,37.5994093,126.8635446,NULL,NULL,-0.25,0.23,0.7,LOITER,639.501
590,14.52,19,0.6,0.15,0.15,NULL,NULL,277,-0.179752,-1.48076,-0.667085,2.45,37.5994093,126.8635446,NULL,NULL,-0.25,0.23,0.7,LOITER,641.501
591,14.52,19,0.6,0.15,0.15,NULL,NULL,277,-0.179752,-1.48076,-0.667085,2.45,37.5994093,126.8635446,NULL,NULL,-0.25,0.23,0.7,LOITER,643.533
592,14.52,19,0.6,0.15,0.15,NULL,NULL,277,-0.179752,-1.48076,-0.667085,2.45,37.5994093,126.8635446,NULL,NULL,-0.25,0.23,0.7,LOITER,645.548
593,14.52,19,0.6,0.15,0.15,NULL,NULL,277,-0.179752,-1.48076,-0.667085,2.45,37.5994093,126.8635446,NULL,NULL,-0.25,0.23,0.7,LOITER,647.564
594,14.52,19,0.6,0.15,0.15,NULL,NULL,277,-0.179752,-1.48076,-0.667085,2.45,37.5994093,126.8635446,NULL,NULL,-0.25,0.23,0.7,LOITER,649.579
595,14.52,19,0.6,0.15,0.15,NULL,NULL,277,-0.179752,-1.48076,-0.667085,2.45,37.5994093,126.8635446,NULL,NULL,-0.25,0.23,0.7,LOITER,651.579
596,14.52,19,0.6,0.15,0.15,NULL,NULL,277,-0.179752,-1.48076,-0.667085,2.45,37.5994093,126.8635446,NULL,NULL,-0.25,0.23,0.7,LOITER,653.595
597,14.52,19,0.6,0.15,0.15,NULL,NULL,277,-0.179752,-1.48076,-0.667085,2.45,37.5994093,126.8635446,NULL,NULL,-0.25,0.23,0.7,LOITER,655.595
598,14.52,19,0.6,0.15,0.15,NULL,NULL,277,-0.179752,-1.48076,-0.667085,2.45,37.5994093,126.8635446,NULL,NULL,-0.25,0.23,0.7,LOITER,657.595
599,14.52,19,0.6,0.15,0.15,NULL,NULL,277,-0.179752,-1.48076,-0.667085,2.45,37.5994093,126.8635446,NULL,NULL,-0.25,0.23,0.7,LOITER,659.611
600,14.52,19,0.6,0.15,0.15,NULL,NULL,277,-0.179752,-1.48076,-0.667085,2.45,37.5994093,126.8635446,NULL,NULL,-0.25,0.23,0.7,LOITER,661.626
601,14.52,19,0.6,0.15,0.15,NULL,NULL,277,-0.179752,-1.48076,-0.667085,2.45,37.5994093,126.8635446,NULL,NULL,-0.25,0.23,0.7,LOITER,663.626
602,14.52,19,0.6,0.15,0.15,NULL,NULL,277,-0.179752,-1.48076,-0.667085,2.45,37.5994093,126.8635446,NULL,NULL,-0.25,0.23,0.7,LOITER,665.658
603,14.52,19,0.6,0.15,0.15,NULL,NULL,277,-0.179752,-1.48076,-0.667085,2.45,37.5994093,126.8635446,NULL,NULL,-0.25,0.23,0.7,LOITER,667.689
604,14.52,19,0.6,0.15,0.15,NULL,NULL,277,-0.179752,-1.48076,-0.667085,2.45,37.5994093,126.8635446,NULL,NULL,-0.25,0.23,0.7,LOITER,669.705
605,14.52,19,0.6,0.15,0.15,NULL,NULL,277,-0.179752,-1.48076,-0.667085,2.45,37.5994093,126.8635446,NULL,NULL,-0.25,0.23,0.7,LOITER,671.705
606,14.52,19,0.6,0.15,0.15,NULL,NULL,277,-0.179752,-1.48076,-0.667085,2.45,37.5994093,126.8635446,NULL,NULL,-0.25,0.23,0.7,LOITER,673.72
607,14.52,19,0.6,0.15,0.15,NULL,NULL,277,-0.179752,-1.48076,-0.667085,2.45,37.5994093,126.8635446,NULL,NULL,-0.25,0.23,0.7,LOITER,675.736
608,14.52,19,0.6,0.15,0.15,NULL,NULL,277,-0.179752,-1.48076,-0.667085,2.45,37.5994093,126.8635446,NULL,NULL,-0.25,0.23,0.7,LOITER,677.736
609,14.52,19,0.6,0.15,0.15,NULL,NULL,277,-0.179752,-1.48076,-0.667085,2.45,37.5994093,126.8635446,NULL,NULL,-0.25,0.23,0.7,LOITER,679.752
610,14.52,19,0.6,0.15,0.15,NULL,NULL,277,-0.179752,-1.48076,-0.667085,2.45,37.5994093,126.8635446,NULL,NULL,-0.25,0.23,0.7,LOITER,681.752
611,14.52,19,0.6,0.15,0.15,NULL,NULL,277,-0.179752,-1.48076,-0.667085,2.45,37.5994093,126.8635446,NULL,NULL,-0.25,0.23,0.7,LOITER,683.752
612,14.52,19,0.6,0.15,0.15,NULL,NULL,277,-0.179752,-1.48076,-0.667085,2.45,37.5994093,126.8635446,NULL,NULL,-0.25,0.23,0.7,LOITER,685.752
613,14.52,19,0.6,0.15,0.15,NULL,NULL,277,-0.179752,-1.48076,-0.667085,2.45,37.5994093,126.8635446,NULL,NULL,-0.25,0.23,0.7,LOITER,687.767
614,14.52,19,0.6,0.15,0.15,NULL,NULL,277,-0.179752,-1.48076,-0.667085,2.45,37.5994093,126.8635446,NULL,NULL,-0.25,0.23,0.7,LOITER,689.783
615,14.52,19,0.6,0.15,0.15,NULL,NULL,277,-0.179752,-1.48076,-0.667085,2.45,37.5994093,126.8635446,NULL,NULL,-0.25,0.23,0.7,LOITER,691.799
616,14.52,19,0.6,0.15,0.15,NULL,NULL,277,-0.179752,-1.48076,-0.667085,2.45,37.5994093,126.8635446,NULL,NULL,-0.25,0.23,0.7,LOITER,693.814
617,14.52,19,0.6,0.15,0.15,NULL,NULL,277,-0.179752,-1.48076,-0.667085,2.45,37.5994093,126.8635446,NULL,NULL,-0.25,0.23,0.7,LOITER,695.83
618,14.52,19,0.6,0.15,0.15,NULL,NULL,277,-0.179752,-1.48076,-0.667085,2.45,37.5994093,126.8635446,NULL,NULL,-0.25,0.23,0.7,LOITER,697.845
619,14.52,19,0.6,0.15,0.15,NULL,NULL,277,-0.179752,-1.48076,-0.667085,2.45,37.5994093,126.8635446,NULL,NULL,-0.25,0.23,0.7,LOITER,699.861
620,14.52,19,0.6,0.15,0.15,NULL,NULL,277,-0.179752,-1.48076,-0.667085,2.45,37.5994093,126.8635446,NULL,NULL,-0.25,0.23,0.7,LOITER,701.861
621,14.52,19,0.6,0.15,0.15,NULL,NULL,277,-0.179752,-1.48076,-0.667085,2.45,37.5994093,126.8635446,NULL,NULL,-0.25,0.23,0.7,LOITER,703.892
622,14.52,19,0.6,0.15,0.15,NULL,NULL,277,-0.179752,-1.48076,-0.667085,2.45,37.5994093,126.8635446,NULL,NULL,-0.25,0.23,0.7,LOITER,705.892
623,14.52,19,0.6,0.15,0.15,NULL,NULL,277,-0.179752,-1.48076,-0.667085,2.45,37.5994093,126.8635446,NULL,NULL,-0.25,0.23,0.7,LOITER,707.908
624,14.52,19,0.6,0.15,0.15,NULL,NULL,277,-0.179752,-1.48076,-0.667085,2.45,37.5994093,126.8635446,NULL,NULL,-0.25,0.23,0.7,LOITER,709.908
625,14.52,19,0.6,0.15,0.15,NULL,NULL,277,-0.179752,-1.48076,-0.667085,2.45,37.5994093,126.8635446,NULL,NULL,-0.25,0.23,0.7,LOITER,711.908
626,14.52,19,0.6,0.15,0.15,NULL,NULL,277,-0.179752,-1.48076,-0.667085,2.45,37.5994093,126.8635446,NULL,NULL,-0.25,0.23,0.7,LOITER,713.924
627,14.52,19,0.6,0.15,0.15,NULL,NULL,277,-0.179752,-1.48076,-0.667085,2.45,37.5994093,126.8635446,NULL,NULL,-0.25,0.23,0.7,LOITER,715.939
628,14.52,19,0.6,0.15,0.15,NULL,NULL,277,-0.179752,-1.48076,-0.667085,2.45,37.5994093,126.8635446,NULL,NULL,-0.25,0.23,0.7,LOITER,717.939
629,14.52,19,0.6,0.15,0.15,NULL,NULL,277,-0.179752,-1.48076,-0.667085,2.45,37.5994093,126.8635446,NULL,NULL,-0.25,0.23,0.7,LOITER,719.939
630,14.52,19,0.6,0.15,0.15,NULL,NULL,277,-0.179752,-1.48076,-0.667085,2.45,37.5994093,126.8635446,NULL,NULL,-0.25,0.23,0.7,LOITER,721.939
631,14.52,19,0.6,0.15,0.15,NULL,NULL,277,-0.179752,-1.48076,-0.667085,2.45,37.5994093,126.8635446,NULL,NULL,-0.25,0.23,0.7,LOITER,723.939
632,14.52,19,0.6,0.15,0.15,NULL,NULL,277,-0.179752,-1.48076,-0.667085,2.45,37.5994093,126.8635446,NULL,NULL,-0.25,0.23,0.7,LOITER,725.939
633,14.52,19,0.6,0.15,0.15,NULL,NULL,277,-0.179752,-1.48076,-0.667085,2.45,37.5994093,126.8635446,NULL,NULL,-0.25,0.23,0.7,LOITER,727.955
634,14.52,19,0.6,0.15,0.15,NULL,NULL,277,-0.179752,-1.48076,-0.667085,2.45,37.5994093,126.8635446,NULL,NULL,-0.25,0.23,0.7,LOITER,729.971
635,14.52,19,0.6,0.15,0.15,NULL,NULL,277,-0.179752,-1.48076,-0.667085,2.45,37.5994093,126.8635446,NULL,NULL,-0.25,0.23,0.7,LOITER,731.986
636,14.52,19,0.6,0.15,0.15,NULL,NULL,277,-0.179752,-1.48076,-0.667085,2.45,37.5994093,126.8635446,NULL,NULL,-0.25,0.23,0.7,LOITER,733.986
637,14.52,19,0.6,0.15,0.15,NULL,NULL,277,-0.179752,-1.48076,-0.667085,2.45,37.5994093,126.8635446,NULL,NULL,-0.25,0.23,0.7,LOITER,735.986
638,14.52,19,0.6,0.15,0.15,NULL,NULL,277,-0.179752,-1.48076,-0.667085,2.45,37.5994093,126.8635446,NULL,NULL,-0.25,0.23,0.7,LOITER,737.986
639,14.52,19,0.6,0.15,0.15,NULL,NULL,277,-0.179752,-1.48076,-0.667085,2.45,37.5994093,126.8635446,NULL,NULL,-0.25,0.23,0.7,LOITER,740.002
640,14.52,19,0.6,0.15,0.15,NULL,NULL,277,-0.179752,-1.48076,-0.667085,2.45,37.5994093,126.8635446,NULL,NULL,-0.25,0.23,0.7,LOITER,742.002
641,14.52,19,0.6,0.15,0.15,NULL,NULL,277,-0.179752,-1.48076,-0.667085,2.45,37.5994093,126.8635446,NULL,NULL,-0.25,0.23,0.7,LOITER,744.018
642,14.52,19,0.6,0.15,0.15,NULL,NULL,277,-0.179752,-1.48076,-0.667085,2.45,37.5994093,126.8635446,NULL,NULL,-0.25,0.23,0.7,LOITER,746.049
643,14.52,19,0.6,0.15,0.15,NULL,NULL,277,-0.179752,-1.48076,-0.667085,2.45,37.5994093,126.8635446,NULL,NULL,-0.25,0.23,0.7,LOITER,748.049
644,14.52,19,0.6,0.15,0.15,NULL,NULL,277,-0.179752,-1.48076,-0.667085,2.45,37.5994093,126.8635446,NULL,NULL,-0.25,0.23,0.7,LOITER,750.049
645,14.52,19,0.6,0.15,0.15,NULL,NULL,277,-0.179752,-1.48076,-0.667085,2.45,37.5994093,126.8635446,NULL,NULL,-0.25,0.23,0.7,LOITER,752.065
646,14.52,19,0.6,0.15,0.15,NULL,NULL,277,-0.179752,-1.48076,-0.667085,2.45,37.5994093,126.8635446,NULL,NULL,-0.25,0.23,0.7,LOITER,754.065
647,14.52,19,0.6,0.15,0.15,NULL,NULL,277,-0.179752,-1.48076,-0.667085,2.45,37.5994093,126.8635446,NULL,NULL,-0.25,0.23,0.7,LOITER,756.065
648,14.52,19,0.6,0.15,0.15,NULL,NULL,277,-0.179752,-1.48076,-0.667085,2.45,37.5994093,126.8635446,NULL,NULL,-0.25,0.23,0.7,LOITER,758.08
649,14.52,19,0.6,0.15,0.15,NULL,NULL,277,-0.179752,-1.48076,-0.667085,2.45,37.5994093,126.8635446,NULL,NULL,-0.25,0.23,0.7,LOITER,760.104
650,14.52,19,0.6,0.15,0.15,NULL,NULL,277,-0.179752,-1.48076,-0.667085,2.45,37.5994093,126.8635446,NULL,NULL,-0.25,0.23,0.7,LOITER,762.104
651,14.52,19,0.6,0.15,0.15,NULL,NULL,277,-0.179752,-1.48076,-0.667085,2.45,37.5994093,126.8635446,NULL,NULL,-0.25,0.23,0.7,LOITER,764.104
652,14.52,19,0.6,0.15,0.15,NULL,NULL,277,-0.179752,-1.48076,-0.667085,2.45,37.5994093,126.8635446,NULL,NULL,-0.25,0.23,0.7,LOITER,766.104
653,14.52,19,0.6,0.15,0.15,NULL,NULL,277,-0.179752,-1.48076,-0.667085,2.45,37.5994093,126.8635446,NULL,NULL,-0.25,0.23,0.7,LOITER,768.104
654,14.52,19,0.6,0.15,0.15,NULL,NULL,277,-0.179752,-1.48076,-0.667085,2.45,37.5994093,126.8635446,NULL,NULL,-0.25,0.23,0.7,LOITER,770.104
655,14.52,19,0.6,0.15,0.15,NULL,NULL,277,-0.179752,-1.48076,-0.667085,2.45,37.5994093,126.8635446,NULL,NULL,-0.25,0.23,0.7,LOITER,772.104
656,14.52,19,0.6,0.15,0.15,NULL,NULL,277,-0.179752,-1.48076,-0.667085,2.45,37.5994093,126.8635446,NULL,NULL,-0.25,0.23,0.7,LOITER,774.104
657,14.52,19,0.6,0.15,0.15,NULL,NULL,277,-0.179752,-1.48076,-0.667085,2.45,37.5994093,126.8635446,NULL,NULL,-0.25,0.23,0.7,LOITER,776.104
658,14.52,19,0.6,0.15,0.15,NULL,NULL,277,-0.179752,-1.48076,-0.667085,2.45,37.5994093,126.8635446,NULL,NULL,-0.25,0.23,0.7,LOITER,778.104
659,14.52,19,0.6,0.15,0.15,NULL,NULL,277,-0.179752,-1.48076,-0.667085,2.45,37.5994093,126.8635446,NULL,NULL,-0.25,0.23,0.7,LOITER,780.12
660,14.52,19,0.6,0.15,0.15,NULL,NULL,277,-0.179752,-1.48076,-0.667085,2.45,37.5994093,126.8635446,NULL,NULL,-0.25,0.23,0.7,LOITER,782.136
661,14.52,19,0.6,0.15,0.15,NULL,NULL,277,-0.179752,-1.48076,-0.667085,2.45,37.5994093,126.8635446,NULL,NULL,-0.25,0.23,0.7,LOITER,784.151
662,14.52,19,0.6,0.15,0.15,NULL,NULL,277,-0.179752,-1.48076,-0.667085,2.45,37.5994093,126.8635446,NULL,NULL,-0.25,0.23,0.7,LOITER,786.151
663,14.52,19,0.6,0.15,0.15,NULL,NULL,277,-0.179752,-1.48076,-0.667085,2.45,37.5994093,126.8635446,NULL,NULL,-0.25,0.23,0.7,LOITER,788.151
664,14.52,19,0.6,0.15,0.15,NULL,NULL,277,-0.179752,-1.48076,-0.667085,2.45,37.5994093,126.8635446,NULL,NULL,-0.25,0.23,0.7,LOITER,790.151
665,14.52,19,0.6,0.15,0.15,NULL,NULL,277,-0.179752,-1.48076,-0.667085,2.45,37.5994093,126.8635446,NULL,NULL,-0.25,0.23,0.7,LOITER,792.151
666,14.52,19,0.6,0.15,0.15,NULL,NULL,277,-0.179752,-1.48076,-0.667085,2.45,37.5994093,126.8635446,NULL,NULL,-0.25,0.23,0.7,LOITER,794.151
667,14.52,19,0.6,0.15,0.15,NULL,NULL,277,-0.179752,-1.48076,-0.667085,2.45,37.5994093,126.8635446,NULL,NULL,-0.25,0.23,0.7,LOITER,796.151
668,14.52,19,0.6,0.15,0.15,NULL,NULL,277,-0.179752,-1.48076,-0.667085,2.45,37.5994093,126.8635446,NULL,NULL,-0.25,0.23,0.7,LOITER,798.151
669,14.52,19,0.6,0.15,0.15,NULL,NULL,277,-0.179752,-1.48076,-0.667085,2.45,37.5994093,126.8635446,NULL,NULL,-0.25,0.23,0.7,LOITER,800.167
670,14.52,19,0.6,0.15,0.15,NULL,NULL,277,-0.179752,-1.48076,-0.667085,2.45,37.5994093,126.8635446,NULL,NULL,-0.25,0.23,0.7,LOITER,802.183
671,14.52,19,0.6,0.15,0.15,NULL,NULL,277,-0.179752,-1.48076,-0.667085,2.45,37.5994093,126.8635446,NULL,NULL,-0.25,0.23,0.7,LOITER,804.198
672,14.52,19,0.6,0.15,0.15,NULL,NULL,277,-0.179752,-1.48076,-0.667085,2.45,37.5994093,126.8635446,NULL,NULL,-0.25,0.23,0.7,LOITER,806.214
673,14.52,19,0.6,0.15,0.15,NULL,NULL,277,-0.179752,-1.48076,-0.667085,2.45,37.5994093,126.8635446,NULL,NULL,-0.25,0.23,0.7,LOITER,808.245
674,14.52,19,0.6,0.15,0.15,NULL,NULL,277,-0.179752,-1.48076,-0.667085,2.45,37.5994093,126.8635446,NULL,NULL,-0.25,0.23,0.7,LOITER,810.261
675,14.52,19,0.6,0.15,0.15,NULL,NULL,277,-0.179752,-1.48076,-0.667085,2.45,37.5994093,126.8635446,NULL,NULL,-0.25,0.23,0.7,LOITER,812.261
676,14.52,19,0.6,0.15,0.15,NULL,NULL,277,-0.179752,-1.48076,-0.667085,2.45,37.5994093,126.8635446,NULL,NULL,-0.25,0.23,0.7,LOITER,814.292
677,14.52,19,0.6,0.15,0.15,NULL,NULL,277,-0.179752,-1.48076,-0.667085,2.45,37.5994093,126.8635446,NULL,NULL,-0.25,0.23,0.7,LOITER,816.292
678,14.52,19,0.6,0.15,0.15,NULL,NULL,277,-0.179752,-1.48076,-0.667085,2.45,37.5994093,126.8635446,NULL,NULL,-0.25,0.23,0.7,LOITER,818.292
679,14.52,19,0.6,0.15,0.15,NULL,NULL,277,-0.179752,-1.48076,-0.667085,2.45,37.5994093,126.8635446,NULL,NULL,-0.25,0.23,0.7,LOITER,820.308
680,14.52,19,0.6,0.15,0.15,NULL,NULL,277,-0.179752,-1.48076,-0.667085,2.45,37.5994093,126.8635446,NULL,NULL,-0.25,0.23,0.7,LOITER,822.324
681,14.52,19,0.6,0.15,0.15,NULL,NULL,277,-0.179752,-1.48076,-0.667085,2.45,37.5994093,126.8635446,NULL,NULL,-0.25,0.23,0.7,LOITER,824.339
682,14.52,19,0.6,0.15,0.15,NULL,NULL,277,-0.179752,-1.48076,-0.667085,2.45,37.5994093,126.8635446,NULL,NULL,-0.25,0.23,0.7,LOITER,826.355
683,14.52,19,0.6,0.15,0.15,NULL,NULL,277,-0.179752,-1.48076,-0.667085,2.45,37.5994093,126.8635446,NULL,NULL,-0.25,0.23,0.7,LOITER,828.37
684,14.52,19,0.6,0.15,0.15,NULL,NULL,277,-0.179752,-1.48076,-0.667085,2.45,37.5994093,126.8635446,NULL,NULL,-0.25,0.23,0.7,LOITER,830.386
685,14.52,19,0.6,0.15,0.15,NULL,NULL,277,-0.179752,-1.48076,-0.667085,2.45,37.5994093,126.8635446,NULL,NULL,-0.25,0.23,0.7,LOITER,832.417
686,14.52,19,0.6,0.15,0.15,NULL,NULL,277,-0.179752,-1.48076,-0.667085,2.45,37.5994093,126.8635446,NULL,NULL,-0.25,0.23,0.7,LOITER,834.417
687,14.52,19,0.6,0.15,0.15,NULL,NULL,277,-0.179752,-1.48076,-0.667085,2.45,37.5994093,126.8635446,NULL,NULL,-0.25,0.23,0.7,LOITER,836.433
688,14.52,19,0.6,0.15,0.15,NULL,NULL,277,-0.179752,-1.48076,-0.667085,2.45,37.5994093,126.8635446,NULL,NULL,-0.25,0.23,0.7,LOITER,838.449
689,14.52,19,0.6,0.15,0.15,NULL,NULL,277,-0.179752,-1.48076,-0.667085,2.45,37.5994093,126.8635446,NULL,NULL,-0.25,0.23,0.7,LOITER,840.464
690,14.52,19,0.6,0.15,0.15,NULL,NULL,277,-0.179752,-1.48076,-0.667085,2.45,37.5994093,126.8635446,NULL,NULL,-0.25,0.23,0.7,LOITER,842.48
691,14.52,19,0.6,0.15,0.15,NULL,NULL,277,-0.179752,-1.48076,-0.667085,2.45,37.5994093,126.8635446,NULL,NULL,-0.25,0.23,0.7,LOITER,844.496
692,14.52,19,0.6,0.15,0.15,NULL,NULL,277,-0.179752,-1.48076,-0.667085,2.45,37.5994093,126.8635446,NULL,NULL,-0.25,0.23,0.7,LOITER,846.511
693,14.52,19,0.6,0.15,0.15,NULL,NULL,277,-0.179752,-1.48076,-0.667085,2.45,37.5994093,126.8635446,NULL,NULL,-0.25,0.23,0.7,LOITER,848.527
694,14.52,19,0.6,0.15,0.15,NULL,NULL,277,-0.179752,-1.48076,-0.667085,2.45,37.5994093,126.8635446,NULL,NULL,-0.25,0.23,0.7,LOITER,850.527
695,14.52,19,0.6,0.15,0.15,NULL,NULL,277,-0.179752,-1.48076,-0.667085,2.45,37.5994093,126.8635446,NULL,NULL,-0.25,0.23,0.7,LOITER,852.543
696,14.52,19,0.6,0.15,0.15,NULL,NULL,277,-0.179752,-1.48076,-0.667085,2.45,37.5994093,126.8635446,NULL,NULL,-0.25,0.23,0.7,LOITER,854.558
697,14.52,19,0.6,0.15,0.15,NULL,NULL,277,-0.179752,-1.48076,-0.667085,2.45,37.5994093,126.8635446,NULL,NULL,-0.25,0.23,0.7,LOITER,856.574
698,14.52,19,0.6,0.15,0.15,NULL,NULL,277,-0.179752,-1.48076,-0.667085,2.45,37.5994093,126.8635446,NULL,NULL,-0.25,0.23,0.7,LOITER,858.652
699,14.52,19,0.6,0.15,0.15,NULL,NULL,277,-0.179752,-1.48076,-0.667085,2.45,37.5994093,126.8635446,NULL,NULL,-0.25,0.23,0.7,LOITER,860.675
700,14.52,19,0.6,0.15,0.15,NULL,NULL,277,-0.179752,-1.48076,-0.667085,2.45,37.5994093,126.8635446,NULL,NULL,-0.25,0.23,0.7,LOITER,862.717
701,14.52,19,0.6,0.15,0.15,NULL,NULL,277,-0.179752,-1.48076,-0.667085,2.45,37.5994093,126.8635446,NULL,NULL,-0.25,0.23,0.7,LOITER,864.761
702,14.52,19,0.6,0.15,0.15,NULL,NULL,277,-0.179752,-1.48076,-0.667085,2.45,37.5994093,126.8635446,NULL,NULL,-0.25,0.23,0.7,LOITER,866.77
703,14.52,19,0.6,0.15,0.15,NULL,NULL,277,-0.179752,-1.48076,-0.667085,2.45,37.5994093,126.8635446,NULL,NULL,-0.25,0.23,0.7,LOITER,868.786
704,14.52,19,0.6,0.15,0.15,NULL,NULL,277,-0.179752,-1.48076,-0.667085,2.45,37.5994093,126.8635446,NULL,NULL,-0.25,0.23,0.7,LOITER,870.804
705,14.52,19,0.6,0.15,0.15,NULL,NULL,277,-0.179752,-1.48076,-0.667085,2.45,37.5994093,126.8635446,NULL,NULL,-0.25,0.23,0.7,LOITER,872.816
706,14.52,19,0.6,0.15,0.15,NULL,NULL,277,-0.179752,-1.48076,-0.667085,2.45,37.5994093,126.8635446,NULL,NULL,-0.25,0.23,0.7,LOITER,874.827
707,14.52,19,0.6,0.15,0.15,NULL,NULL,277,-0.179752,-1.48076,-0.667085,2.45,37.5994093,126.8635446,NULL,NULL,-0.25,0.23,0.7,LOITER,876.851
708,14.52,19,0.6,0.15,0.15,NULL,NULL,277,-0.179752,-1.48076,-0.667085,2.45,37.5994093,126.8635446,NULL,NULL,-0.25,0.23,0.7,LOITER,878.863
709,14.52,19,0.6,0.15,0.15,NULL,NULL,277,-0.179752,-1.48076,-0.667085,2.45,37.5994093,126.8635446,NULL,NULL,-0.25,0.23,0.7,LOITER,880.875
710,14.52,19,0.6,0.15,0.15,NULL,NULL,277,-0.179752,-1.48076,-0.667085,2.45,37.5994093,126.8635446,NULL,NULL,-0.25,0.23,0.7,LOITER,882.889
711,14.52,19,0.6,0.15,0.15,NULL,NULL,277,-0.179752,-1.48076,-0.667085,2.45,37.5994093,126.8635446,NULL,NULL,-0.25,0.23,0.7,LOITER,884.903
712,14.52,19,0.6,0.15,0.15,NULL,NULL,277,-0.179752,-1.48076,-0.667085,2.45,37.5994093,126.8635446,NULL,NULL,-0.25,0.23,0.7,LOITER,886.914
713,14.52,19,0.6,0.15,0.15,NULL,NULL,277,-0.179752,-1.48076,-0.667085,2.45,37.5994093,126.8635446,NULL,NULL,-0.25,0.23,0.7,LOITER,888.925
714,14.52,19,0.6,0.15,0.15,NULL,NULL,277,-0.179752,-1.48076,-0.667085,2.45,37.5994093,126.8635446,NULL,NULL,-0.25,0.23,0.7,LOITER,890.934
715,14.52,19,0.6,0.15,0.15,NULL,NULL,277,-0.179752,-1.48076,-0.667085,2.45,37.5994093,126.8635446,NULL,NULL,-0.25,0.23,0.7,LOITER,892.948
716,14.52,19,0.6,0.15,0.15,NULL,NULL,277,-0.179752,-1.48076,-0.667085,2.45,37.5994093,126.8635446,NULL,NULL,-0.25,0.23,0.7,LOITER,894.96
717,14.52,19,0.6,0.15,0.15,NULL,NULL,277,-0.179752,-1.48076,-0.667085,2.45,37.5994093,126.8635446,NULL,NULL,-0.25,0.23,0.7,LOITER,896.974
718,14.52,19,0.6,0.15,0.15,NULL,NULL,277,-0.179752,-1.48076,-0.667085,2.45,37.5994093,126.8635446,NULL,NULL,-0.25,0.23,0.7,LOITER,898.985
719,14.52,19,0.6,0.15,0.15,NULL,NULL,277,-0.179752,-1.48076,-0.667085,2.45,37.5994093,126.8635446,NULL,NULL,-0.25,0.23,0.7,LOITER,900.997
720,14.52,19,0.6,0.15,0.15,NULL,NULL,277,-0.179752,-1.48076,-0.667085,2.45,37.5994093,126.8635446,NULL,NULL,-0.25,0.23,0.7,LOITER,903.009
721,14.52,19,0.6,0.15,0.15,NULL,NULL,277,-0.179752,-1.48076,-0.667085,2.45,37.5994093,126.8635446,NULL,NULL,-0.25,0.23,0.7,LOITER,905.019
722,14.52,19,0.6,0.15,0.15,NULL,NULL,277,-0.179752,-1.48076,-0.667085,2.45,37.5994093,126.8635446,NULL,NULL,-0.25,0.23,0.7,LOITER,907.033
723,14.52,19,0.6,0.15,0.15,NULL,NULL,277,-0.179752,-1.48076,-0.667085,2.45,37.5994093,126.8635446,NULL,NULL,-0.25,0.23,0.7,LOITER,909.044
724,14.52,19,0.6,0.15,0.15,NULL,NULL,277,-0.179752,-1.48076,-0.667085,2.45,37.5994093,126.8635446,NULL,NULL,-0.25,0.23,0.7,LOITER,911.056
725,14.52,19,0.6,0.15,0.15,NULL,NULL,277,-0.179752,-1.48076,-0.667085,2.45,37.5994093,126.8635446,NULL,NULL,-0.25,0.23,0.7,LOITER,913.071
726,14.52,19,0.6,0.15,0.15,NULL,NULL,277,-0.179752,-1.48076,-0.667085,2.45,37.5994093,126.8635446,NULL,NULL,-0.25,0.23,0.7,LOITER,915.084
727,14.52,19,0.6,0.15,0.15,NULL,NULL,277,-0.179752,-1.48076,-0.667085,2.45,37.5994093,126.8635446,NULL,NULL,-0.25,0.23,0.7,LOITER,917.097
728,14.52,19,0.6,0.15,0.15,NULL,NULL,277,-0.179752,-1.48076,-0.667085,2.45,37.5994093,126.8635446,NULL,NULL,-0.25,0.23,0.7,LOITER,919.109
729,14.52,19,0.6,0.15,0.15,NULL,NULL,277,-0.179752,-1.48076,-0.667085,2.45,37.5994093,126.8635446,NULL,NULL,-0.25,0.23,0.7,LOITER,921.121
730,14.52,19,0.6,0.15,0.15,NULL,NULL,277,-0.179752,-1.48076,-0.667085,2.45,37.5994093,126.8635446,NULL,NULL,-0.25,0.23,0.7,LOITER,923.134
731,14.52,19,0.6,0.15,0.15,NULL,NULL,277,-0.179752,-1.48076,-0.667085,2.45,37.5994093,126.8635446,NULL,NULL,-0.25,0.23,0.7,LOITER,925.146
732,14.52,19,0.6,0.15,0.15,NULL,NULL,277,-0.179752,-1.48076,-0.667085,2.45,37.5994093,126.8635446,NULL,NULL,-0.25,0.23,0.7,LOITER,927.161
733,14.52,19,0.6,0.15,0.15,NULL,NULL,277,-0.179752,-1.48076,-0.667085,2.45,37.5994093,126.8635446,NULL,NULL,-0.25,0.23,0.7,LOITER,929.174
734,14.52,19,0.6,0.15,0.15,NULL,NULL,277,-0.179752,-1.48076,-0.667085,2.45,37.5994093,126.8635446,NULL,NULL,-0.25,0.23,0.7,LOITER,931.19
735,14.52,19,0.6,0.15,0.15,NULL,NULL,277,-0.179752,-1.48076,-0.667085,2.45,37.5994093,126.8635446,NULL,NULL,-0.25,0.23,0.7,LOITER,933.202
736,14.52,19,0.6,0.15,0.15,NULL,NULL,277,-0.179752,-1.48076,-0.667085,2.45,37.5994093,126.8635446,NULL,NULL,-0.25,0.23,0.7,LOITER,935.215
737,14.52,19,0.6,0.15,0.15,NULL,NULL,277,-0.179752,-1.48076,-0.667085,2.45,37.5994093,126.8635446,NULL,NULL,-0.25,0.23,0.7,LOITER,937.227
738,14.52,19,0.6,0.15,0.15,NULL,NULL,277,-0.179752,-1.48076,-0.667085,2.45,37.5994093,126.8635446,NULL,NULL,-0.25,0.23,0.7,LOITER,939.237
739,14.52,19,0.6,0.15,0.15,NULL,NULL,277,-0.179752,-1.48076,-0.667085,2.45,37.5994093,126.8635446,NULL,NULL,-0.25,0.23,0.7,LOITER,941.249
740,14.52,19,0.6,0.15,0.15,NULL,NULL,277,-0.179752,-1.48076,-0.667085,2.45,37.5994093,126.8635446,NULL,NULL,-0.25,0.23,0.7,LOITER,943.262
741,14.52,19,0.6,0.15,0.15,NULL,NULL,277,-0.179752,-1.48076,-0.667085,2.45,37.5994093,126.8635446,NULL,NULL,-0.25,0.23,0.7,LOITER,945.275
742,14.52,19,0.6,0.15,0.15,NULL,NULL,277,-0.179752,-1.48076,-0.667085,2.45,37.5994093,126.8635446,NULL,NULL,-0.25,0.23,0.7,LOITER,947.288
743,14.52,19,0.6,0.15,0.15,NULL,NULL,277,-0.179752,-1.48076,-0.667085,2.45,37.5994093,126.8635446,NULL,NULL,-0.25,0.23,0.7,LOITER,949.302
744,14.52,19,0.6,0.15,0.15,NULL,NULL,277,-0.179752,-1.48076,-0.667085,2.45,37.5994093,126.8635446,NULL,NULL,-0.25,0.23,0.7,LOITER,951.314
745,14.52,19,0.6,0.15,0.15,NULL,NULL,277,-0.179752,-1.48076,-0.667085,2.45,37.5994093,126.8635446,NULL,NULL,-0.25,0.23,0.7,LOITER,953.324
746,14.52,19,0.6,0.15,0.15,NULL,NULL,277,-0.179752,-1.48076,-0.667085,2.45,37.5994093,126.8635446,NULL,NULL,-0.25,0.23,0.7,LOITER,955.337
747,14.52,19,0.6,0.15,0.15,NULL,NULL,277,-0.179752,-1.48076,-0.667085,2.45,37.5994093,126.8635446,NULL,NULL,-0.25,0.23,0.7,LOITER,957.347
748,14.52,19,0.6,0.15,0.15,NULL,NULL,277,-0.179752,-1.48076,-0.667085,2.45,37.5994093,126.8635446,NULL,NULL,-0.25,0.23,0.7,LOITER,959.356
749,14.52,19,0.6,0.15,0.15,NULL,NULL,277,-0.179752,-1.48076,-0.667085,2.45,37.5994093,126.8635446,NULL,NULL,-0.25,0.23,0.7,LOITER,961.366
750,14.52,19,0.6,0.15,0.15,NULL,NULL,277,-0.179752,-1.48076,-0.667085,2.45,37.5994093,126.8635446,NULL,NULL,-0.25,0.23,0.7,LOITER,963.381
751,14.52,19,0.6,0.15,0.15,NULL,NULL,277,-0.179752,-1.48076,-0.667085,2.45,37.5994093,126.8635446,NULL,NULL,-0.25,0.23,0.7,LOITER,965.395
752,14.52,19,0.6,0.15,0.15,NULL,NULL,277,-0.179752,-1.48076,-0.667085,2.45,37.5994093,126.8635446,NULL,NULL,-0.25,0.23,0.7,LOITER,967.416
753,14.52,19,0.6,0.15,0.15,NULL,NULL,277,-0.179752,-1.48076,-0.667085,2.45,37.5994093,126.8635446,NULL,NULL,-0.25,0.23,0.7,LOITER,969.43
754,14.52,19,0.6,0.15,0.15,NULL,NULL,277,-0.179752,-1.48076,-0.667085,2.45,37.5994093,126.8635446,NULL,NULL,-0.25,0.23,0.7,LOITER,971.443
755,14.52,19,0.6,0.15,0.15,NULL,NULL,277,-0.179752,-1.48076,-0.667085,2.45,37.5994093,126.8635446,NULL,NULL,-0.25,0.23,0.7,LOITER,973.456
756,14.52,19,0.6,0.15,0.15,NULL,NULL,277,-0.179752,-1.48076,-0.667085,2.45,37.5994093,126.8635446,NULL,NULL,-0.25,0.23,0.7,LOITER,975.47
757,14.52,19,0.6,0.15,0.15,NULL,NULL,277,-0.179752,-1.48076,-0.667085,2.45,37.5994093,126.8635446,NULL,NULL,-0.25,0.23,0.7,LOITER,977.484
758,14.52,19,0.6,0.15,0.15,NULL,NULL,277,-0.179752,-1.48076,-0.667085,2.45,37.5994093,126.8635446,NULL,NULL,-0.25,0.23,0.7,LOITER,979.496
759,14.52,19,0.6,0.15,0.15,NULL,NULL,277,-0.179752,-1.48076,-0.667085,2.45,37.5994093,126.8635446,NULL,NULL,-0.25,0.23,0.7,LOITER,981.51
760,14.52,19,0.6,0.15,0.15,NULL,NULL,277,-0.179752,-1.48076,-0.667085,2.45,37.5994093,126.8635446,NULL,NULL,-0.25,0.23,0.7,LOITER,983.522
761,14.52,19,0.6,0.15,0.15,NULL,NULL,277,-0.179752,-1.48076,-0.667085,2.45,37.5994093,126.8635446,NULL,NULL,-0.25,0.23,0.7,LOITER,985.535
762,14.52,19,0.6,0.15,0.15,NULL,NULL,277,-0.179752,-1.48076,-0.667085,2.45,37.5994093,126.8635446,NULL,NULL,-0.25,0.23,0.7,LOITER,987.546
763,14.52,19,0.6,0.15,0.15,NULL,NULL,277,-0.179752,-1.48076,-0.667085,2.45,37.5994093,126.8635446,NULL,NULL,-0.25,0.23,0.7,LOITER,989.58
764,14.52,19,0.6,0.15,0.15,NULL,NULL,277,-0.179752,-1.48076,-0.667085,2.45,37.5994093,126.8635446,NULL,NULL,-0.25,0.23,0.7,LOITER,991.591
765,14.52,19,0.6,0.15,0.15,NULL,NULL,277,-0.179752,-1.48076,-0.667085,2.45,37.5994093,126.8635446,NULL,NULL,-0.25,0.23,0.7,LOITER,993.606
766,14.52,19,0.6,0.15,0.15,NULL,NULL,277,-0.179752,-1.48076,-0.667085,2.45,37.5994093,126.8635446,NULL,NULL,-0.25,0.23,0.7,LOITER,995.613
767,14.52,19,0.6,0.15,0.15,NULL,NULL,277,-0.179752,-1.48076,-0.667085,2.45,37.5994093,126.8635446,NULL,NULL,-0.25,0.23,0.7,LOITER,997.724
768,14.52,19,0.6,0.15,0.15,NULL,NULL,277,-0.179752,-1.48076,-0.667085,2.45,37.5994093,126.8635446,NULL,NULL,-0.25,0.23,0.7,LOITER,999.792
769,14.52,19,0.6,0.15,0.15,NULL,NULL,277,-0.179752,-1.48076,-0.667085,2.45,37.5994093,126.8635446,NULL,NULL,-0.25,0.23,0.7,LOITER,1001.81
770,14.52,19,0.6,0.15,0.15,NULL,NULL,277,-0.179752,-1.48076,-0.667085,2.45,37.5994093,126.8635446,NULL,NULL,-0.25,0.23,0.7,LOITER,1003.81
771,14.52,19,0.6,0.15,0.15,NULL,NULL,277,-0.179752,-1.48076,-0.667085,2.45,37.5994093,126.8635446,NULL,NULL,-0.25,0.23,0.7,LOITER,1005.83
772,14.52,19,0.6,0.15,0.15,NULL,NULL,277,-0.179752,-1.48076,-0.667085,2.45,37.5994093,126.8635446,NULL,NULL,-0.25,0.23,0.7,LOITER,1007.84
773,14.52,19,0.6,0.15,0.15,NULL,NULL,277,-0.179752,-1.48076,-0.667085,2.45,37.5994093,126.8635446,NULL,NULL,-0.25,0.23,0.7,LOITER,1009.85
774,14.52,19,0.6,0.15,0.15,NULL,NULL,277,-0.179752,-1.48076,-0.667085,2.45,37.5994093,126.8635446,NULL,NULL,-0.25,0.23,0.7,LOITER,1011.87
775,14.52,19,0.6,0.15,0.15,NULL,NULL,277,-0.179752,-1.48076,-0.667085,2.45,37.5994093,126.8635446,NULL,NULL,-0.25,0.23,0.7,LOITER,1013.87
776,14.52,19,0.6,0.15,0.15,NULL,NULL,277,-0.179752,-1.48076,-0.667085,2.45,37.5994093,126.8635446,NULL,NULL,-0.25,0.23,0.7,LOITER,1015.89
777,14.52,19,0.6,0.15,0.15,NULL,NULL,277,-0.179752,-1.48076,-0.667085,2.45,37.5994093,126.8635446,NULL,NULL,-0.25,0.23,0.7,LOITER,1017.9
778,14.52,19,0.6,0.15,0.15,NULL,NULL,277,-0.179752,-1.48076,-0.667085,2.45,37.5994093,126.8635446,NULL,NULL,-0.25,0.23,0.7,LOITER,1019.91
779,14.52,19,0.6,0.15,0.15,NULL,NULL,277,-0.179752,-1.48076,-0.667085,2.45,37.5994093,126.8635446,NULL,NULL,-0.25,0.23,0.7,LOITER,1021.92
780,14.52,19,0.6,0.15,0.15,NULL,NULL,277,-0.179752,-1.48076,-0.667085,2.45,37.5994093,126.8635446,NULL,NULL,-0.25,0.23,0.7,LOITER,1023.93
781,14.52,19,0.6,0.15,0.15,NULL,NULL,277,-0.179752,-1.48076,-0.667085,2.45,37.5994093,126.8635446,NULL,NULL,-0.25,0.23,0.7,LOITER,1025.94
782,14.52,19,0.6,0.15,0.15,NULL,NULL,277,-0.179752,-1.48076,-0.667085,2.45,37.5994093,126.8635446,NULL,NULL,-0.25,0.23,0.7,LOITER,1027.96
783,14.52,19,0.6,0.15,0.15,NULL,NULL,277,-0.179752,-1.48076,-0.667085,2.45,37.5994093,126.8635446,NULL,NULL,-0.25,0.23,0.7,LOITER,1029.97
784,14.52,19,0.6,0.15,0.15,NULL,NULL,277,-0.179752,-1.48076,-0.667085,2.45,37.5994093,126.8635446,NULL,NULL,-0.25,0.23,0.7,LOITER,1031.98
785,14.52,19,0.6,0.15,0.15,NULL,NULL,277,-0.179752,-1.48076,-0.667085,2.45,37.5994093,126.8635446,NULL,NULL,-0.25,0.23,0.7,LOITER,1034
786,14.52,19,0.6,0.15,0.15,NULL,NULL,277,-0.179752,-1.48076,-0.667085,2.45,37.5994093,126.8635446,NULL,NULL,-0.25,0.23,0.7,LOITER,1036.01
787,14.52,19,0.6,0.15,0.15,NULL,NULL,277,-0.179752,-1.48076,-0.667085,2.45,37.5994093,126.8635446,NULL,NULL,-0.25,0.23,0.7,LOITER,1038.02
788,14.52,19,0.6,0.15,0.15,NULL,NULL,277,-0.179752,-1.48076,-0.667085,2.45,37.5994093,126.8635446,NULL,NULL,-0.25,0.23,0.7,LOITER,1040.04
789,14.52,19,0.6,0.15,0.15,NULL,NULL,277,-0.179752,-1.48076,-0.667085,2.45,37.5994093,126.8635446,NULL,NULL,-0.25,0.23,0.7,LOITER,1042.05
790,14.52,19,0.6,0.15,0.15,NULL,NULL,277,-0.179752,-1.48076,-0.667085,2.45,37.5994093,126.8635446,NULL,NULL,-0.25,0.23,0.7,LOITER,1044.06
791,14.52,19,0.6,0.15,0.15,NULL,NULL,277,-0.179752,-1.48076,-0.667085,2.45,37.5994093,126.8635446,NULL,NULL,-0.25,0.23,0.7,LOITER,1046.07
792,14.52,19,0.6,0.15,0.15,NULL,NULL,277,-0.179752,-1.48076,-0.667085,2.45,37.5994093,126.8635446,NULL,NULL,-0.25,0.23,0.7,LOITER,1048.08
793,14.52,19,0.6,0.15,0.15,NULL,NULL,277,-0.179752,-1.48076,-0.667085,2.45,37.5994093,126.8635446,NULL,NULL,-0.25,0.23,0.7,LOITER,1050.1
794,14.52,19,0.6,0.15,0.15,NULL,NULL,277,-0.179752,-1.48076,-0.667085,2.45,37.5994093,126.8635446,NULL,NULL,-0.25,0.23,0.7,LOITER,1052.11
795,14.52,19,0.6,0.15,0.15,NULL,NULL,277,-0.179752,-1.48076,-0.667085,2.45,37.5994093,126.8635446,NULL,NULL,-0.25,0.23,0.7,LOITER,1054.12
796,14.52,19,0.6,0.15,0.15,NULL,NULL,277,-0.179752,-1.48076,-0.667085,2.45,37.5994093,126.8635446,NULL,NULL,-0.25,0.23,0.7,LOITER,1056.14
797,14.52,19,0.6,0.15,0.15,NULL,NULL,277,-0.179752,-1.48076,-0.667085,2.45,37.5994093,126.8635446,NULL,NULL,-0.25,0.23,0.7,LOITER,1058.16
798,14.52,19,0.6,0.15,0.15,NULL,NULL,277,-0.179752,-1.48076,-0.667085,2.45,37.5994093,126.8635446,NULL,NULL,-0.25,0.23,0.7,LOITER,1060.17
799,14.52,19,0.6,0.15,0.15,NULL,NULL,277,-0.179752,-1.48076,-0.667085,2.45,37.5994093,126.8635446,NULL,NULL,-0.25,0.23,0.7,LOITER,1062.18
800,14.52,19,0.6,0.15,0.15,NULL,NULL,277,-0.179752,-1.48076,-0.667085,2.45,37.5994093,126.8635446,NULL,NULL,-0.25,0.23,0.7,LOITER,1064.19
801,14.52,19,0.6,0.15,0.15,NULL,NULL,277,-0.179752,-1.48076,-0.667085,2.45,37.5994093,126.8635446,NULL,NULL,-0.25,0.23,0.7,LOITER,1066.2
802,14.52,19,0.6,0.15,0.15,NULL,NULL,277,-0.179752,-1.48076,-0.667085,2.45,37.5994093,126.8635446,NULL,NULL,-0.25,0.23,0.7,LOITER,1068.21
803,14.52,19,0.6,0.15,0.15,NULL,NULL,277,-0.179752,-1.48076,-0.667085,2.45,37.5994093,126.8635446,NULL,NULL,-0.25,0.23,0.7,LOITER,1070.23
804,14.52,19,0.6,0.15,0.15,NULL,NULL,277,-0.179752,-1.48076,-0.667085,2.45,37.5994093,126.8635446,NULL,NULL,-0.25,0.23,0.7,LOITER,1072.24
805,14.52,19,0.6,0.15,0.15,NULL,NULL,277,-0.179752,-1.48076,-0.667085,2.45,37.5994093,126.8635446,NULL,NULL,-0.25,0.23,0.7,LOITER,1074.25
806,14.52,19,0.6,0.15,0.15,NULL,NULL,277,-0.179752,-1.48076,-0.667085,2.45,37.5994093,126.8635446,NULL,NULL,-0.25,0.23,0.7,LOITER,1076.27
807,14.52,19,0.6,0.15,0.15,NULL,NULL,277,-0.179752,-1.48076,-0.667085,2.45,37.5994093,126.8635446,NULL,NULL,-0.25,0.23,0.7,LOITER,1078.28
808,14.52,19,0.6,0.15,0.15,NULL,NULL,277,-0.179752,-1.48076,-0.667085,2.45,37.5994093,126.8635446,NULL,NULL,-0.25,0.23,0.7,LOITER,1080.29
809,14.52,19,0.6,0.15,0.15,NULL,NULL,277,-0.179752,-1.48076,-0.667085,2.45,37.5994093,126.8635446,NULL,NULL,-0.25,0.23,0.7,LOITER,1082.31
810,14.52,19,0.6,0.15,0.15,NULL,NULL,277,-0.179752,-1.48076,-0.667085,2.45,37.5994093,126.8635446,NULL,NULL,-0.25,0.23,0.7,LOITER,1084.32
811,14.52,19,0.6,0.15,0.15,NULL,NULL,277,-0.179752,-1.48076,-0.667085,2.45,37.5994093,126.8635446,NULL,NULL,-0.25,0.23,0.7,LOITER,1086.33
812,14.52,19,0.6,0.15,0.15,NULL,NULL,277,-0.179752,-1.48076,-0.667085,2.45,37.5994093,126.8635446,NULL,NULL,-0.25,0.23,0.7,LOITER,1088.35
813,14.52,19,0.6,0.15,0.15,NULL,NULL,277,-0.179752,-1.48076,-0.667085,2.45,37.5994093,126.8635446,NULL,NULL,-0.25,0.23,0.7,LOITER,1090.36
814,14.52,19,0.6,0.15,0.15,NULL,NULL,277,-0.179752,-1.48076,-0.667085,2.45,37.5994093,126.8635446,NULL,NULL,-0.25,0.23,0.7,LOITER,1092.37
815,14.52,19,0.6,0.15,0.15,NULL,NULL,277,-0.179752,-1.48076,-0.667085,2.45,37.5994093,126.8635446,NULL,NULL,-0.25,0.23,0.7,LOITER,1094.39
816,14.52,19,0.6,0.15,0.15,NULL,NULL,277,-0.179752,-1.48076,-0.667085,2.45,37.5994093,126.8635446,NULL,NULL,-0.25,0.23,0.7,LOITER,1096.4
817,14.52,19,0.6,0.15,0.15,NULL,NULL,277,-0.179752,-1.48076,-0.667085,2.45,37.5994093,126.8635446,NULL,NULL,-0.25,0.23,0.7,LOITER,1098.42
818,14.52,19,0.6,0.15,0.15,NULL,NULL,277,-0.179752,-1.48076,-0.667085,2.45,37.5994093,126.8635446,NULL,NULL,-0.25,0.23,0.7,LOITER,1100.43
819,14.52,19,0.6,0.15,0.15,NULL,NULL,277,-0.179752,-1.48076,-0.667085,2.45,37.5994093,126.8635446,NULL,NULL,-0.25,0.23,0.7,LOITER,1102.44
820,14.52,19,0.6,0.15,0.15,NULL,NULL,277,-0.179752,-1.48076,-0.667085,2.45,37.5994093,126.8635446,NULL,NULL,-0.25,0.23,0.7,LOITER,1104.46
821,14.52,19,0.6,0.15,0.15,NULL,NULL,277,-0.179752,-1.48076,-0.667085,2.45,37.5994093,126.8635446,NULL,NULL,-0.25,0.23,0.7,LOITER,1106.47
822,14.52,19,0.6,0.15,0.15,NULL,NULL,277,-0.179752,-1.48076,-0.667085,2.45,37.5994093,126.8635446,NULL,NULL,-0.25,0.23,0.7,LOITER,1108.48
823,14.52,19,0.6,0.15,0.15,NULL,NULL,277,-0.179752,-1.48076,-0.667085,2.45,37.5994093,126.8635446,NULL,NULL,-0.25,0.23,0.7,LOITER,1110.49
824,14.52,19,0.6,0.15,0.15,NULL,NULL,277,-0.179752,-1.48076,-0.667085,2.45,37.5994093,126.8635446,NULL,NULL,-0.25,0.23,0.7,LOITER,1112.5
825,14.52,19,0.6,0.15,0.15,NULL,NULL,277,-0.179752,-1.48076,-0.667085,2.45,37.5994093,126.8635446,NULL,NULL,-0.25,0.23,0.7,LOITER,1114.52
826,14.52,19,0.6,0.15,0.15,NULL,NULL,277,-0.179752,-1.48076,-0.667085,2.45,37.5994093,126.8635446,NULL,NULL,-0.25,0.23,0.7,LOITER,1116.53
827,14.52,19,0.6,0.15,0.15,NULL,NULL,277,-0.179752,-1.48076,-0.667085,2.45,37.5994093,126.8635446,NULL,NULL,-0.25,0.23,0.7,LOITER,1118.54
828,14.52,19,0.6,0.15,0.15,NULL,NULL,277,-0.179752,-1.48076,-0.667085,2.45,37.5994093,126.8635446,NULL,NULL,-0.25,0.23,0.7,LOITER,1120.55
829,14.52,19,0.6,0.15,0.15,NULL,NULL,277,-0.179752,-1.48076,-0.667085,2.45,37.5994093,126.8635446,NULL,NULL,-0.25,0.23,0.7,LOITER,1122.56
830,14.52,19,0.6,0.15,0.15,NULL,NULL,277,-0.179752,-1.48076,-0.667085,2.45,37.5994093,126.8635446,NULL,NULL,-0.25,0.23,0.7,LOITER,1124.57
831,14.52,19,0.6,0.15,0.15,NULL,NULL,277,-0.179752,-1.48076,-0.667085,2.45,37.5994093,126.8635446,NULL,NULL,-0.25,0.23,0.7,LOITER,1126.58
832,14.52,19,0.6,0.15,0.15,NULL,NULL,277,-0.179752,-1.48076,-0.667085,2.45,37.5994093,126.8635446,NULL,NULL,-0.25,0.23,0.7,LOITER,1128.59
833,14.52,19,0.6,0.15,0.15,NULL,NULL,277,-0.179752,-1.48076,-0.667085,2.45,37.5994093,126.8635446,NULL,NULL,-0.25,0.23,0.7,LOITER,1130.61
834,14.52,19,0.6,0.15,0.15,NULL,NULL,277,-0.179752,-1.48076,-0.667085,2.45,37.5994093,126.8635446,NULL,NULL,-0.25,0.23,0.7,LOITER,1132.63
835,14.52,19,0.6,0.15,0.15,NULL,NULL,277,-0.179752,-1.48076,-0.667085,2.45,37.5994093,126.8635446,NULL,NULL,-0.25,0.23,0.7,LOITER,1134.64
836,14.52,19,0.6,0.15,0.15,NULL,NULL,277,-0.179752,-1.48076,-0.667085,2.45,37.5994093,126.8635446,NULL,NULL,-0.25,0.23,0.7,LOITER,1136.66
837,14.52,19,0.6,0.15,0.15,NULL,NULL,277,-0.179752,-1.48076,-0.667085,2.45,37.5994093,126.8635446,NULL,NULL,-0.25,0.23,0.7,LOITER,1138.67
838,14.52,19,0.6,0.15,0.15,NULL,NULL,277,-0.179752,-1.48076,-0.667085,2.45,37.5994093,126.8635446,NULL,NULL,-0.25,0.23,0.7,LOITER,1140.68
839,14.52,19,0.6,0.15,0.15,NULL,NULL,277,-0.179752,-1.48076,-0.667085,2.45,37.5994093,126.8635446,NULL,NULL,-0.25,0.23,0.7,LOITER,1142.7
840,14.52,19,0.6,0.15,0.15,NULL,NULL,277,-0.179752,-1.48076,-0.667085,2.45,37.5994093,126.8635446,NULL,NULL,-0.25,0.23,0.7,LOITER,1144.71
841,14.52,19,0.6,0.15,0.15,NULL,NULL,277,-0.179752,-1.48076,-0.667085,2.45,37.5994093,126.8635446,NULL,NULL,-0.25,0.23,0.7,LOITER,1146.73
842,14.52,19,0.6,0.15,0.15,NULL,NULL,277,-0.179752,-1.48076,-0.667085,2.45,37.5994093,126.8635446,NULL,NULL,-0.25,0.23,0.7,LOITER,1148.74
843,14.52,19,0.6,0.15,0.15,NULL,NULL,277,-0.179752,-1.48076,-0.667085,2.45,37.5994093,126.8635446,NULL,NULL,-0.25,0.23,0.7,LOITER,1150.75
844,14.52,19,0.6,0.15,0.15,NULL,NULL,277,-0.179752,-1.48076,-0.667085,2.45,37.5994093,126.8635446,NULL,NULL,-0.25,0.23,0.7,LOITER,1152.76
845,14.52,19,0.6,0.15,0.15,NULL,NULL,277,-0.179752,-1.48076,-0.667085,2.45,37.5994093,126.8635446,NULL,NULL,-0.25,0.23,0.7,LOITER,1154.78
846,14.52,19,0.6,0.15,0.15,NULL,NULL,277,-0.179752,-1.48076,-0.667085,2.45,37.5994093,126.8635446,NULL,NULL,-0.25,0.23,0.7,LOITER,1156.8
847,14.52,19,0.6,0.15,0.15,NULL,NULL,277,-0.179752,-1.48076,-0.667085,2.45,37.5994093,126.8635446,NULL,NULL,-0.25,0.23,0.7,LOITER,1158.81
848,14.52,19,0.6,0.15,0.15,NULL,NULL,277,-0.179752,-1.48076,-0.667085,2.45,37.5994093,126.8635446,NULL,NULL,-0.25,0.23,0.7,LOITER,1160.83
849,14.52,19,0.6,0.15,0.15,NULL,NULL,277,-0.179752,-1.48076,-0.667085,2.45,37.5994093,126.8635446,NULL,NULL,-0.25,0.23,0.7,LOITER,1162.84
850,14.52,19,0.6,0.15,0.15,NULL,NULL,277,-0.179752,-1.48076,-0.667085,2.45,37.5994093,126.8635446,NULL,NULL,-0.25,0.23,0.7,LOITER,1164.85
851,14.52,19,0.6,0.15,0.15,NULL,NULL,277,-0.179752,-1.48076,-0.667085,2.45,37.5994093,126.8635446,NULL,NULL,-0.25,0.23,0.7,LOITER,1166.87
852,14.52,19,0.6,0.15,0.15,NULL,NULL,277,-0.179752,-1.48076,-0.667085,2.45,37.5994093,126.8635446,NULL,NULL,-0.25,0.23,0.7,LOITER,1168.88
853,14.52,19,0.6,0.15,0.15,NULL,NULL,277,-0.179752,-1.48076,-0.667085,2.45,37.5994093,126.8635446,NULL,NULL,-0.25,0.23,0.7,LOITER,1170.89
854,14.52,19,0.6,0.15,0.15,NULL,NULL,277,-0.179752,-1.48076,-0.667085,2.45,37.5994093,126.8635446,NULL,NULL,-0.25,0.23,0.7,LOITER,1172.91
855,14.52,19,0.6,0.15,0.15,NULL,NULL,277,-0.179752,-1.48076,-0.667085,2.45,37.5994093,126.8635446,NULL,NULL,-0.25,0.23,0.7,LOITER,1174.92
856,14.52,19,0.6,0.15,0.15,NULL,NULL,277,-0.179752,-1.48076,-0.667085,2.45,37.5994093,126.8635446,NULL,NULL,-0.25,0.23,0.7,LOITER,1176.93
857,14.52,19,0.6,0.15,0.15,NULL,NULL,277,-0.179752,-1.48076,-0.667085,2.45,37.5994093,126.8635446,NULL,NULL,-0.25,0.23,0.7,LOITER,1178.95
858,14.52,19,0.6,0.15,0.15,NULL,NULL,277,-0.179752,-1.48076,-0.667085,2.45,37.5994093,126.8635446,NULL,NULL,-0.25,0.23,0.7,LOITER,1180.96
859,14.52,19,0.6,0.15,0.15,NULL,NULL,277,-0.179752,-1.48076,-0.667085,2.45,37.5994093,126.8635446,NULL,NULL,-0.25,0.23,0.7,LOITER,1182.98
860,14.52,19,0.6,0.15,0.15,NULL,NULL,277,-0.179752,-1.48076,-0.667085,2.45,37.5994093,126.8635446,NULL,NULL,-0.25,0.23,0.7,LOITER,1184.99
861,14.52,19,0.6,0.15,0.15,NULL,NULL,277,-0.179752,-1.48076,-0.667085,2.45,37.5994093,126.8635446,NULL,NULL,-0.25,0.23,0.7,LOITER,1187
862,14.52,19,0.6,0.15,0.15,NULL,NULL,277,-0.179752,-1.48076,-0.667085,2.45,37.5994093,126.8635446,NULL,NULL,-0.25,0.23,0.7,LOITER,1189.02
863,14.52,19,0.6,0.15,0.15,NULL,NULL,277,-0.179752,-1.48076,-0.667085,2.45,37.5994093,126.8635446,NULL,NULL,-0.25,0.23,0.7,LOITER,1191.03
864,14.52,19,0.6,0.15,0.15,NULL,NULL,277,-0.179752,-1.48076,-0.667085,2.45,37.5994093,126.8635446,NULL,NULL,-0.25,0.23,0.7,LOITER,1193.04
865,14.52,19,0.6,0.15,0.15,NULL,NULL,277,-0.179752,-1.48076,-0.667085,2.45,37.5994093,126.8635446,NULL,NULL,-0.25,0.23,0.7,LOITER,1195.06
866,14.52,19,0.6,0.15,0.15,NULL,NULL,277,-0.179752,-1.48076,-0.667085,2.45,37.5994093,126.8635446,NULL,NULL,-0.25,0.23,0.7,LOITER,1197.07
867,14.52,19,0.6,0.15,0.15,NULL,NULL,277,-0.179752,-1.48076,-0.667085,2.45,37.5994093,126.8635446,NULL,NULL,-0.25,0.23,0.7,LOITER,1199.08
868,14.52,19,0.6,0.15,0.15,NULL,NULL,277,-0.179752,-1.48076,-0.667085,2.45,37.5994093,126.8635446,NULL,NULL,-0.25,0.23,0.7,LOITER,1201.09
869,14.52,19,0.6,0.15,0.15,NULL,NULL,277,-0.179752,-1.48076,-0.667085,2.45,37.5994093,126.8635446,NULL,NULL,-0.25,0.23,0.7,LOITER,1203.1
870,14.52,19,0.6,0.15,0.15,NULL,NULL,277,-0.179752,-1.48076,-0.667085,2.45,37.5994093,126.8635446,NULL,NULL,-0.25,0.23,0.7,LOITER,1205.12
871,14.52,19,0.6,0.15,0.15,NULL,NULL,277,-0.179752,-1.48076,-0.667085,2.45,37.5994093,126.8635446,NULL,NULL,-0.25,0.23,0.7,LOITER,1207.13
872,14.52,19,0.6,0.15,0.15,NULL,NULL,277,-0.179752,-1.48076,-0.667085,2.45,37.5994093,126.8635446,NULL,NULL,-0.25,0.23,0.7,LOITER,1209.14
873,14.52,19,0.6,0.15,0.15,NULL,NULL,277,-0.179752,-1.48076,-0.667085,2.45,37.5994093,126.8635446,NULL,NULL,-0.25,0.23,0.7,LOITER,1211.15
874,14.52,19,0.6,0.15,0.15,NULL,NULL,277,-0.179752,-1.48076,-0.667085,2.45,37.5994093,126.8635446,NULL,NULL,-0.25,0.23,0.7,LOITER,1213.17
875,14.52,19,0.6,0.15,0.15,NULL,NULL,277,-0.179752,-1.48076,-0.667085,2.45,37.5994093,126.8635446,NULL,NULL,-0.25,0.23,0.7,LOITER,1215.18
876,14.52,19,0.6,0.15,0.15,NULL,NULL,277,-0.179752,-1.48076,-0.667085,2.45,37.5994093,126.8635446,NULL,NULL,-0.25,0.23,0.7,LOITER,1217.19
877,14.52,19,0.6,0.15,0.15,NULL,NULL,277,-0.179752,-1.48076,-0.667085,2.45,37.5994093,126.8635446,NULL,NULL,-0.25,0.23,0.7,LOITER,1219.21
878,14.52,19,0.6,0.15,0.15,NULL,NULL,277,-0.179752,-1.48076,-0.667085,2.45,37.5994093,126.8635446,NULL,NULL,-0.25,0.23,0.7,LOITER,1221.22
879,14.52,19,0.6,0.15,0.15,NULL,NULL,277,-0.179752,-1.48076,-0.667085,2.45,37.5994093,126.8635446,NULL,NULL,-0.25,0.23,0.7,LOITER,1223.23
880,14.52,19,0.6,0.15,0.15,NULL,NULL,277,-0.179752,-1.48076,-0.667085,2.45,37.5994093,126.8635446,NULL,NULL,-0.25,0.23,0.7,LOITER,1225.25
881,14.52,19,0.6,0.15,0.15,NULL,NULL,277,-0.179752,-1.48076,-0.667085,2.45,37.5994093,126.8635446,NULL,NULL,-0.25,0.23,0.7,LOITER,1227.26
882,14.52,19,0.6,0.15,0.15,NULL,NULL,277,-0.179752,-1.48076,-0.667085,2.45,37.5994093,126.8635446,NULL,NULL,-0.25,0.23,0.7,LOITER,1229.27
883,14.52,19,0.6,0.15,0.15,NULL,NULL,277,-0.179752,-1.48076,-0.667085,2.45,37.5994093,126.8635446,NULL,NULL,-0.25,0.23,0.7,LOITER,1231.28
884,14.52,19,0.6,0.15,0.15,NULL,NULL,277,-0.179752,-1.48076,-0.667085,2.45,37.5994093,126.8635446,NULL,NULL,-0.25,0.23,0.7,LOITER,1233.3
885,14.52,19,0.6,0.15,0.15,NULL,NULL,277,-0.179752,-1.48076,-0.667085,2.45,37.5994093,126.8635446,NULL,NULL,-0.25,0.23,0.7,LOITER,1235.31
886,14.52,19,0.6,0.15,0.15,NULL,NULL,277,-0.179752,-1.48076,-0.667085,2.45,37.5994093,126.8635446,NULL,NULL,-0.25,0.23,0.7,LOITER,1237.32
887,14.52,19,0.6,0.15,0.15,NULL,NULL,277,-0.179752,-1.48076,-0.667085,2.45,37.5994093,126.8635446,NULL,NULL,-0.25,0.23,0.7,LOITER,1239.34
888,14.52,19,0.6,0.15,0.15,NULL,NULL,277,-0.179752,-1.48076,-0.667085,2.45,37.5994093,126.8635446,NULL,NULL,-0.25,0.23,0.7,LOITER,1241.36
889,14.52,19,0.6,0.15,0.15,NULL,NULL,277,-0.179752,-1.48076,-0.667085,2.45,37.5994093,126.8635446,NULL,NULL,-0.25,0.23,0.7,LOITER,1243.37
890,14.52,19,0.6,0.15,0.15,NULL,NULL,277,-0.179752,-1.48076,-0.667085,2.45,37.5994093,126.8635446,NULL,NULL,-0.25,0.23,0.7,LOITER,1245.39
891,14.52,19,0.6,0.15,0.15,NULL,NULL,277,-0.179752,-1.48076,-0.667085,2.45,37.5994093,126.8635446,NULL,NULL,-0.25,0.23,0.7,LOITER,1247.4
892,14.52,19,0.6,0.15,0.15,NULL,NULL,277,-0.179752,-1.48076,-0.667085,2.45,37.5994093,126.8635446,NULL,NULL,-0.25,0.23,0.7,LOITER,1249.41
893,14.52,19,0.6,0.15,0.15,NULL,NULL,277,-0.179752,-1.48076,-0.667085,2.45,37.5994093,126.8635446,NULL,NULL,-0.25,0.23,0.7,LOITER,1251.43
894,14.52,19,0.6,0.15,0.15,NULL,NULL,277,-0.179752,-1.48076,-0.667085,2.45,37.5994093,126.8635446,NULL,NULL,-0.25,0.23,0.7,LOITER,1253.44
895,14.52,19,0.6,0.15,0.15,NULL,NULL,277,-0.179752,-1.48076,-0.667085,2.45,37.5994093,126.8635446,NULL,NULL,-0.25,0.23,0.7,LOITER,1255.45
896,14.52,19,0.6,0.15,0.15,NULL,NULL,277,-0.179752,-1.48076,-0.667085,2.45,37.5994093,126.8635446,NULL,NULL,-0.25,0.23,0.7,LOITER,1257.47
897,14.52,19,0.6,0.15,0.15,NULL,NULL,277,-0.179752,-1.48076,-0.667085,2.45,37.5994093,126.8635446,NULL,NULL,-0.25,0.23,0.7,LOITER,1259.48
898,14.52,19,0.6,0.15,0.15,NULL,NULL,277,-0.179752,-1.48076,-0.667085,2.45,37.5994093,126.8635446,NULL,NULL,-0.25,0.23,0.7,LOITER,1261.49
899,14.52,19,0.6,0.15,0.15,NULL,NULL,277,-0.179752,-1.48076,-0.667085,2.45,37.5994093,126.8635446,NULL,NULL,-0.25,0.23,0.7,LOITER,1263.5
900,14.52,19,0.6,0.15,0.15,NULL,NULL,277,-0.179752,-1.48076,-0.667085,2.45,37.5994093,126.8635446,NULL,NULL,-0.25,0.23,0.7,LOITER,1265.52
901,14.52,19,0.6,0.15,0.15,NULL,NULL,277,-0.179752,-1.48076,-0.667085,2.45,37.5994093,126.8635446,NULL,NULL,-0.25,0.23,0.7,LOITER,1267.53
902,14.52,19,0.6,0.15,0.15,NULL,NULL,277,-0.179752,-1.48076,-0.667085,2.45,37.5994093,126.8635446,NULL,NULL,-0.25,0.23,0.7,LOITER,1269.54
903,14.52,19,0.6,0.15,0.15,NULL,NULL,277,-0.179752,-1.48076,-0.667085,2.45,37.5994093,126.8635446,NULL,NULL,-0.25,0.23,0.7,LOITER,1271.56
904,14.52,19,0.6,0.15,0.15,NULL,NULL,277,-0.179752,-1.48076,-0.667085,2.45,37.5994093,126.8635446,NULL,NULL,-0.25,0.23,0.7,LOITER,1273.57
905,14.52,19,0.6,0.15,0.15,NULL,NULL,277,-0.179752,-1.48076,-0.667085,2.45,37.5994093,126.8635446,NULL,NULL,-0.25,0.23,0.7,LOITER,1275.59
906,14.52,19,0.6,0.15,0.15,NULL,NULL,277,-0.179752,-1.48076,-0.667085,2.45,37.5994093,126.8635446,NULL,NULL,-0.25,0.23,0.7,LOITER,1277.6
907,14.52,19,0.6,0.15,0.15,NULL,NULL,277,-0.179752,-1.48076,-0.667085,2.45,37.5994093,126.8635446,NULL,NULL,-0.25,0.23,0.7,LOITER,1279.61
908,14.52,19,0.6,0.15,0.15,NULL,NULL,277,-0.179752,-1.48076,-0.667085,2.45,37.5994093,126.8635446,NULL,NULL,-0.25,0.23,0.7,LOITER,1281.63
909,14.52,19,0.6,0.15,0.15,NULL,NULL,277,-0.179752,-1.48076,-0.667085,2.45,37.5994093,126.8635446,NULL,NULL,-0.25,0.23,0.7,LOITER,1283.64
910,14.52,19,0.6,0.15,0.15,NULL,NULL,277,-0.179752,-1.48076,-0.667085,2.45,37.5994093,126.8635446,NULL,NULL,-0.25,0.23,0.7,LOITER,1285.65
911,14.52,19,0.6,0.15,0.15,NULL,NULL,277,-0.179752,-1.48076,-0.667085,2.45,37.5994093,126.8635446,NULL,NULL,-0.25,0.23,0.7,LOITER,1287.66
912,14.52,19,0.6,0.15,0.15,NULL,NULL,277,-0.179752,-1.48076,-0.667085,2.45,37.5994093,126.8635446,NULL,NULL,-0.25,0.23,0.7,LOITER,1289.68
913,14.52,19,0.6,0.15,0.15,NULL,NULL,277,-0.179752,-1.48076,-0.667085,2.45,37.5994093,126.8635446,NULL,NULL,-0.25,0.23,0.7,LOITER,1291.69
914,14.52,19,0.6,0.15,0.15,NULL,NULL,277,-0.179752,-1.48076,-0.667085,2.45,37.5994093,126.8635446,NULL,NULL,-0.25,0.23,0.7,LOITER,1293.7
915,14.52,19,0.6,0.15,0.15,NULL,NULL,277,-0.179752,-1.48076,-0.667085,2.45,37.5994093,126.8635446,NULL,NULL,-0.25,0.23,0.7,LOITER,1295.72
916,14.52,19,0.6,0.15,0.15,NULL,NULL,277,-0.179752,-1.48076,-0.667085,2.45,37.5994093,126.8635446,NULL,NULL,-0.25,0.23,0.7,LOITER,1297.73
917,14.52,19,0.6,0.15,0.15,NULL,NULL,277,-0.179752,-1.48076,-0.667085,2.45,37.5994093,126.8635446,NULL,NULL,-0.25,0.23,0.7,LOITER,1299.74
918,14.52,19,0.6,0.15,0.15,NULL,NULL,277,-0.179752,-1.48076,-0.667085,2.45,37.5994093,126.8635446,NULL,NULL,-0.25,0.23,0.7,LOITER,1301.76
919,14.52,19,0.6,0.15,0.15,NULL,NULL,277,-0.179752,-1.48076,-0.667085,2.45,37.5994093,126.8635446,NULL,NULL,-0.25,0.23,0.7,LOITER,1303.77
920,14.52,19,0.6,0.15,0.15,NULL,NULL,277,-0.179752,-1.48076,-0.667085,2.45,37.5994093,126.8635446,NULL,NULL,-0.25,0.23,0.7,LOITER,1305.78
921,14.52,19,0.6,0.15,0.15,NULL,NULL,277,-0.179752,-1.48076,-0.667085,2.45,37.5994093,126.8635446,NULL,NULL,-0.25,0.23,0.7,LOITER,1307.79
922,14.52,19,0.6,0.15,0.15,NULL,NULL,277,-0.179752,-1.48076,-0.667085,2.45,37.5994093,126.8635446,NULL,NULL,-0.25,0.23,0.7,LOITER,1309.81
923,14.52,19,0.6,0.15,0.15,NULL,NULL,277,-0.179752,-1.48076,-0.667085,2.45,37.5994093,126.8635446,NULL,NULL,-0.25,0.23,0.7,LOITER,1311.82
924,14.52,19,0.6,0.15,0.15,NULL,NULL,277,-0.179752,-1.48076,-0.667085,2.45,37.5994093,126.8635446,NULL,NULL,-0.25,0.23,0.7,LOITER,1313.83
925,14.52,19,0.6,0.15,0.15,NULL,NULL,277,-0.179752,-1.48076,-0.667085,2.45,37.5994093,126.8635446,NULL,NULL,-0.25,0.23,0.7,LOITER,1315.84
926,14.52,19,0.6,0.15,0.15,NULL,NULL,277,-0.179752,-1.48076,-0.667085,2.45,37.5994093,126.8635446,NULL,NULL,-0.25,0.23,0.7,LOITER,1317.85
927,14.52,19,0.6,0.15,0.15,NULL,NULL,277,-0.179752,-1.48076,-0.667085,2.45,37.5994093,126.8635446,NULL,NULL,-0.25,0.23,0.7,LOITER,1319.86
928,14.52,19,0.6,0.15,0.15,NULL,NULL,277,-0.179752,-1.48076,-0.667085,2.45,37.5994093,126.8635446,NULL,NULL,-0.25,0.23,0.7,LOITER,1321.88
929,14.52,19,0.6,0.15,0.15,NULL,NULL,277,-0.179752,-1.48076,-0.667085,2.45,37.5994093,126.8635446,NULL,NULL,-0.25,0.23,0.7,LOITER,1323.89
930,14.52,19,0.6,0.15,0.15,NULL,NULL,277,-0.179752,-1.48076,-0.667085,2.45,37.5994093,126.8635446,NULL,NULL,-0.25,0.23,0.7,LOITER,1325.91
931,14.52,19,0.6,0.15,0.15,NULL,NULL,277,-0.179752,-1.48076,-0.667085,2.45,37.5994093,126.8635446,NULL,NULL,-0.25,0.23,0.7,LOITER,1327.92
932,14.52,19,0.6,0.15,0.15,NULL,NULL,277,-0.179752,-1.48076,-0.667085,2.45,37.5994093,126.8635446,NULL,NULL,-0.25,0.23,0.7,LOITER,1329.93
933,14.52,19,0.6,0.15,0.15,NULL,NULL,277,-0.179752,-1.48076,-0.667085,2.45,37.5994093,126.8635446,NULL,NULL,-0.25,0.23,0.7,LOITER,1331.95
934,14.52,19,0.6,0.15,0.15,NULL,NULL,277,-0.179752,-1.48076,-0.667085,2.45,37.5994093,126.8635446,NULL,NULL,-0.25,0.23,0.7,LOITER,1333.96
935,14.52,19,0.6,0.15,0.15,NULL,NULL,277,-0.179752,-1.48076,-0.667085,2.45,37.5994093,126.8635446,NULL,NULL,-0.25,0.23,0.7,LOITER,1335.97
936,14.52,19,0.6,0.15,0.15,NULL,NULL,277,-0.179752,-1.48076,-0.667085,2.45,37.5994093,126.8635446,NULL,NULL,-0.25,0.23,0.7,LOITER,1337.98
937,14.52,19,0.6,0.15,0.15,NULL,NULL,277,-0.179752,-1.48076,-0.667085,2.45,37.5994093,126.8635446,NULL,NULL,-0.25,0.23,0.7,LOITER,1340
